source_file	source_line	section	reason	quote	citation
gdt_mait_markers.md	16	CD3 and TCRγδ (required — pan-γδ T cell markers)	section names several markers and the quote mentions none of them	"""As γδ T cells are less likely to cause graft-versus-host disease (GvHD) than their αβ counterparts"""	Karunathilaka et al. 2022 (PMID:35193613; DOI:10.1186/s12979-022-00269-w)
gdt_mait_markers.md	19	CD3 and TCRγδ (required — pan-γδ T cell markers)	section names several markers and the quote mentions none of them	"""γδ T cells are a highly versatile immune lineage involved in host defense and homeostasis, but questions remain around their heterogeneity, precise function and role during health and disease."""	Karunathilaka et al. 2022 (PMID:35193613; DOI:10.1186/s12979-022-00269-w)
gdt_mait_markers.md	28	γδ T cell subsets — overview (three Vδ populations)	section heading names no marker	"""The γδ T cells are typically classified into three primary subsets based on their δ chain usage: Vδ1+, Vδ2+, and Vδ3+"""	Laub et al. 2025 (PMID:40746558; DOI:10.3389/fimmu.2025.1618393)
gdt_mait_markers.md	31	γδ T cell subsets — overview (three Vδ populations)	section heading names no marker	"""Traditionally, γδ T cells existed as three populations based on δ chain expression. Vδ1 cells predominantly reside in mucosal sites and epithelia, while Vδ2 cells comprise 50–90% of γδ T cells in the circulation."""	Karunathilaka et al. 2022 (PMID:35193613; DOI:10.1186/s12979-022-00269-w)
gdt_mait_markers.md	120	CD3 and TCRαβ (required positive — MAIT cells are αβ T cells)	section names several markers and the quote mentions none of them	"""Human MAIT cells express an invariant TCRα chain comprising TRAV1-2 joined to TRAJ33 with a restricted TCRβ chain TRBV6 and TRBV20."""	Azad et al. 2025 (PMID:41511352; DOI:10.3390/cells15010069)
gdt_mait_markers.md	126	CD3 and TCRαβ (required positive — MAIT cells are αβ T cells)	section names several markers and the quote mentions none of them	"""MAIT cells belong to a population of 'unconventional' T cells which also include gamma delta (gd) T cells and invariant natural killer (iNKT) cells."""	Azad et al. 2025 (PMID:41511352; DOI:10.3390/cells15010069)
ilc_markers.md	142	Lineage exclusion markers (CD14, CD33, CD64, CD34, CD19, CD15, CD66b, CD123)	section names several markers and the quote mentions none of them	"""NK cells were excluded by adding anti-CD94 and anti-CD16 antibodies to the lineage cocktail."""	Alkon et al 2022 (PMID:34363841; DOI:10.1016/j.jaci.2021.07.025)
inkt_markers.md	117	Distinction: iNKT vs Type II NKT (vNKT)	section heading names no marker	"""NKT cells are subclassified into invariant NKT (iNKT) cells and type II NKT (T2NKT) cells according to their TCR specificity."""	Zhou et al. 2022 (PMID:35720369; DOI:10.3389/fimmu.2022.898473)
inkt_markers.md	120	Distinction: iNKT vs Type II NKT (vNKT)	section heading names no marker	"""iNKT cells possess an invariant TCR Vα24-Jα18α chain paired with TCR Vβ11, which mainly responds to α-galactosylceramide glycopeptide (αGalCer)."""	Zhou et al. 2022 (PMID:35720369; DOI:10.3389/fimmu.2022.898473)
inkt_markers.md	123	Distinction: iNKT vs Type II NKT (vNKT)	section heading names no marker	"""By contrast, T2NKT cells utilize different TCR rearrangements to recognize diverse lipids."""	Zhou et al. 2022 (PMID:35720369; DOI:10.3389/fimmu.2022.898473)
inkt_markers.md	126	Distinction: iNKT vs Type II NKT (vNKT)	section heading names no marker	"""NKT cells are non-conventional T cells that share common features with NK cells."""	Zhou et al. 2022 (PMID:35720369; DOI:10.3389/fimmu.2022.898473)
inkt_markers.md	131	Distinction: iNKT vs Type II NKT (vNKT)	section heading names no marker	"""T2NKT cells were identified as CD3+ CD56+ CD161+ TCR-γδ- TCRVα7.2- and TCRVα24- cells."""	Zhou et al. 2022 (PMID:35720369; DOI:10.3389/fimmu.2022.898473)
t_cell_markers.md	6		no attribution line before the next heading	**Extraction note.** Quotes below were obtained via the WebFetch web-content extraction tool, which uses an AI model to copy text from the fetched page. Where the extracted text is not a clean sentence (e.g. gating strings reproduced from a table), the quote is presented exactly as returned and the likely source (table, figure legend, methods) is noted. Any suspected OCR/ extraction artefacts are flagged inline.	
t_cell_markers.md	55	CD4 and CD8 (lineage markers for T helper and cytotoxic T cells)	section names several markers and the quote mentions none of them	"""cluster 9 was defined as Th2 cells, as they highly expressed CCR4 but did not express biomarkers of Tfh cells (CXCR5, PD-1), Th1 cells (CXCR3), Th17 cells (CCR6), and Treg cells (CD25, Foxp3)"""	Zhu H et al. 2026 (PMID: 41826820; DOI: 10.1186/s10020-026-01455-y; PMC: PMC13101149)
t_cell_markers.md	65	TCRαβ vs TCRγδ (distinguishing αβ from γδ T cells)	section names several markers and the quote mentions none of them	"""Purity of PHA- and Zole- expanded αβ and γδ T-cell cultures and MACS-isolated T-cell populations were assessed by flow cytometry using anti-CD3, CD4, CD8, γδ TCR, and αβ TCR monoclonal antibodies."""	Kelm M et al. 2026 (PMID: 41727470; DOI: 10.3389/fimmu.2026.1739493; PMC: PMC12920462)
