abbreviation	full_name	parent	type_of_match	existing_cl_id	marker_cl_id	marker_cl_label	marker_score	marker_conflict	marker_note	lexical_cl_id	lexical_cl_label	lexical_note	agreement
NK	Natural Killer Cell		Exact		CL:0002338	CD56-positive, CD161-positive immature natural killer cell, human	23			CL:0000623	natural killer cell		no
NK2	Natural Killer Cell 2	NK	Surface Only (SO)		CL:0000938	CD16-negative, CD56-bright natural killer cell, human	23			CL:4052052	uterine natural killer cell 2, human		no
CTNK	Cytotoxice Natural Killer Cell	NK	SO and Cytokine		CL:0000939	CD16-positive, CD56-dim natural killer cell, human	23					no CL hits	no
NK1	Natural Killer Cell 1	CTNK	SO and TF		CL:0000939	CD16-positive, CD56-dim natural killer cell, human	23			CL:4052051	uterine natural killer cell 1, human		no
NK3	Natural Killer Cell 3	CTNK	TF ONLY		CL:0000939	CD16-positive, CD56-dim natural killer cell, human	23			CL:4052053	uterine natural killer cell 3, human		no
ILCp	Innate Lymphoid Cell Progenitor		Surface Only (SO)		CL:0001073	CD34-negative, CD56-positive, CD117-positive innate lymphoid cell, human	15			CL:0001082	immature innate lymphoid cell		no
ILC	Innate Lymphoid Cell		Surface Only (SO)		CL:0001057	myeloid dendritic cell, human	25			CL:0001065	innate lymphoid cell		no
ILC1	Innate Lymphoid Cell 1	ILC	Surface Only (SO)		CL:0001057	myeloid dendritic cell, human	29			CL:0001067	group 1 innate lymphoid cell		no
ILC2	Innate Lymphoid Cell 2	ILC	Surface Only (SO)		CL:0001057	myeloid dendritic cell, human	29			CL:0002089	group 2 innate lymphoid cell, mouse		no
ILC3	Innate Lymphoid Cell 3	ILC	Surface Only (SO)		CL:0002338	CD56-positive, CD161-positive immature natural killer cell, human	29			CL:0001079	NKp44-positive group 3 innate lymphoid cell, human		no
cDC	Conventional Dendritic Cell		Exact		CL:0002008	CD34-positive, CD38-positive eosinophil progenitor cell	23			CL:0000990	conventional dendritic cell		no
cDC1	Conventional Dendritic Cell 1	DCM	Exact		CL:0002008	CD34-positive, CD38-positive eosinophil progenitor cell	23			CL:0002399	CD1c-positive myeloid dendritic cell		no
cDC2	Conventional Dendritic Cell 2	DCM	Exact		CL:0002008	CD34-positive, CD38-positive eosinophil progenitor cell	23			CL:0002399	CD1c-positive myeloid dendritic cell		no
pDC	Peripheral Dendritic Cell		Exact		CL:0000991	CD11c-negative plasmacytoid dendritic cell	22			CL:4047054	migratory dendritic cell		no
Basophil	Basophil		Exact		CL:0000614	basophilic myelocyte	18	CD15-/CD66B- (all alt. conflict)		CL:0000767	basophil		no
Basophil	Basophil		Exact		CL:0000043	mature basophil	17			CL:0000767	basophil		no
Mono	Monocyte		Exact		CL:0000614	basophilic myelocyte	24			CL:0000576	monocyte		no
CMo	Classical Monocyte	Mono	Exact		CL:0000614	basophilic myelocyte	28			CL:0000860	classical monocyte		no
NCMo	Non-classical Monocyte	Mono	Exact		CL:0000769	basophilic metamyelocyte	28			CL:0000875	non-classical monocyte		no
IntMo	Intermediate Monocyte	Mono	Exact		CL:0000769	basophilic metamyelocyte	28			CL:0002393	intermediate monocyte		no
Neut	Neutrophil		Exact		CL:0000582	neutrophilic metamyelocyte	22			CL:0000775	neutrophil		no
Eos	Eosinophil		Exact		CL:0000612	eosinophilic myelocyte	26			CL:0000771	eosinophil		no
B cell	B cell		Exact		CL:0000819	B-1 B cell	15					OLS4 search failed: HTTPSConnectionPool(host='www.ebi.ac.uk', port=443): Read timed out. (read timeout=15)	no
ASC	Antibody Secreting Cell		Surface Only (SO)		CL:0002115	B220-positive CD38-positive unswitched memory B cell	23			CL:0000946	antibody secreting cell		no
PB	Plasmablast	ASC	Surface Only (SO)		CL:0002115	B220-positive CD38-positive unswitched memory B cell	26			CL:0000980	plasmablast		no
PC	Plasma Cell	ASC	Surface Only (SO)		CL:0000962	Bm2 B cell	16	CD20-		CL:0000786	plasma cell		no
Transitional	Transitional B cell		Exact						no qualified markers found	CL:0000818	transitional stage B cell		no
T1/T2 B	Transitonal B cell 1 and 2				CL:0002109	B220-positive CD38-positive naive B cell	23					no CL hits	no
Mature B	Mature B cell		Exact		CL:0000961	Bm1 B cell	19			CL:0000785	mature B cell		no
T3	Transitional B cell 3	Mature B	Exact		CL:0000961	Bm1 B cell	19			CL:0000960	T3 B cell		no
Naive	Naive B cell	Mature B	Exact		CL:0002102	CD38-negative naive B cell	20			CL:0000788	naive B cell		no
BDN	Double Negative B cells	Mature B	Exact		CL:0002102	CD38-negative naive B cell	19			CL:0002103	IgG-positive double negative memory B cell		no
BDN1	Double Negative B cell 1	BDN	Exact		CL:0000961	Bm1 B cell	23			CL:0000800	mature gamma-delta T cell		no
BDN2	Double Negative B cell 2	BDN	Exact		CL:0002102	CD38-negative naive B cell	20			CL:0000806	DN2 thymocyte		no
BDN3	Double Negative B cell 3	BDN	Exact		CL:0002102	CD38-negative naive B cell	20			CL:0000807	DN3 thymocyte		no
BDN4	Double Negative B cell 4	BDN	Exact		CL:0000961	Bm1 B cell	23			CL:0000808	DN4 thymocyte		no
Bmem	Memory B cell		Exact		CL:0002112	B220-positive CD38-negative unswitched memory B cell	24			CL:0000787	memory B cell		no
IgD only	IgD only Memory B cell	Bmem	Exact		CL:0002112	B220-positive CD38-negative unswitched memory B cell	24			CL:0001053	IgD-negative memory B cell		no
Unswitched	Unswitched Memory B cell	Bmem	Exact		CL:0002112	B220-positive CD38-negative unswitched memory B cell	25			CL:0000970	unswitched memory B cell		no
IgM only	IgM-only Memory B cell	Bmem	Exact		CL:0002112	B220-positive CD38-negative unswitched memory B cell	24			CL:0000971	IgM memory B cell		no
Switched	Switched Memory B cell	Bmem	Exact		CL:0002112	B220-positive CD38-negative unswitched memory B cell	25			CL:0002117	IgG-negative class switched memory B cell		no
IgA	IgA-Class Switched B cell	Switched	Surface Only (SO)		CL:0002112	B220-positive CD38-negative unswitched memory B cell	24			CL:0000973	IgA memory B cell		no
IgG	IgG-Class Switched B cell	Switched	Surface Only (SO)		CL:0002112	B220-positive CD38-negative unswitched memory B cell	24			CL:0002117	IgG-negative class switched memory B cell		no
IgE	IgE-Class Switched B cell	Switched	Surface Only (SO)		CL:0002112	B220-positive CD38-negative unswitched memory B cell	24			CL:0000948	IgE memory B cell		no
T cell	T lymphocyte		Exact		CL:0002468	Gr1-low myeloid suppressor cell	7			CL:0002103	IgG-positive double negative memory B cell		no
CD56+ T cell	CD56+ T cell	T cell	Exact		CL:0002468	Gr1-low myeloid suppressor cell	7			CL:0000939	CD16-positive, CD56-dim natural killer cell, human		no
CD56+ CD4 T cell	CD56+ CD4 T cell	CD4+ T cell	Exact		CL:0002039	immature NK T cell stage I, mouse	9			CL:0000037	hematopoietic stem cell		no
CD56+ CD8 T cell	CD56+ CD8 T cell	CD8+ T cell	Exact		CL:0000900	naive thymus-derived CD8-positive, alpha-beta T cell	14			CL:0000037	hematopoietic stem cell		no
CD56+ TCRab	CD56+ alpha/beta T cell	TCRab	Exact		CL:0002468	Gr1-low myeloid suppressor cell	7			CL:0000096	mature neutrophil		no
CD56+ CD4+ TCRab	CD56+ CD4+ alpha/beta T cell	CD4+ TCRab T cell	Exact		CL:0000895	naive thymus-derived CD4-positive, alpha-beta T cell	13			CL:0000096	mature neutrophil		no
CD56+ CD8+ TCRab	CD56+ CD8+ alpha/beta T cell	CD8+ TCRab T cell	Exact		CL:0000900	naive thymus-derived CD8-positive, alpha-beta T cell	13			CL:0000096	mature neutrophil		no
CD56+ CD4+/CD8+ TCRab	CD56+ CD4+/CD8+ alpha/beta T cell	CD4+/CD8+ TCRab T cell	Exact		CL:0002039	immature NK T cell stage I, mouse	9			CL:0000096	mature neutrophil		no
CD56+ CD4-/CD8- TCRab	CD56+ CD4-/CD8- alpha/beta T cell	CD4-/CD8- TCRab T cell	Exact		CL:0000803	CD4-negative CD8-negative gamma-delta intraepithelial T cell	10			CL:0000096	mature neutrophil		no
CD56+ TCRgd	CD56+ gamma/delta T cell	TCRgd	Exact		CL:0002468	Gr1-low myeloid suppressor cell	7					no CL hits	no
CD56+ CD4+ TCRgd	CD56+ CD4+ gamma/delta T cell	CD4+ TCRgd T cell	Exact		CL:0000895	naive thymus-derived CD4-positive, alpha-beta T cell	13					no CL hits	no
CD56+ CD8+ TCRgd	CD56+ CD8+ gamma/delta T cell	CD8+ TCRgd T cell	Exact		CL:0000900	naive thymus-derived CD8-positive, alpha-beta T cell	13					no CL hits	no
CD56+ CD4+/CD8+ TCRgd	CD56+ CD4+/CD8+ gamma/delta T cell	CD4+/CD8+ TCRgd	Exact		CL:0002039	immature NK T cell stage I, mouse	9					no CL hits	no
CD56+ CD8-/CD8- TCRgd	CD56+ CD8-/CD8- gamma/delta T cell	CD4-/CD8- TCRgd	Exact		CL:0000803	CD4-negative CD8-negative gamma-delta intraepithelial T cell	11					no CL hits	no
iNKT	Invariant Natural Killer T cell	T cell	Exact		CL:0002468	Gr1-low myeloid suppressor cell	7			CL:0000814	mature NK T cell		no
TCRab	alpha/beta T cell	T cell	Exact		CL:0002468	Gr1-low myeloid suppressor cell	7			CL:0000790	immature alpha-beta T cell		no
TCRgd	gamma/delta T cell	T cell	Exact		CL:0002468	Gr1-low myeloid suppressor cell	7			CL:0000798	gamma-delta T cell		no
CD4+ T cell	alpha/beta and gamma/delta CD4+ T cells	T cell	Exact		CL:0000895	naive thymus-derived CD4-positive, alpha-beta T cell	13			CL:0000794	CD8-positive, alpha-beta cytotoxic T cell		no
CD8+ T cell	alpha/beta and gamma/delta CD8+ T cells	T cell	Exact		CL:0000900	naive thymus-derived CD8-positive, alpha-beta T cell	13			CL:0000794	CD8-positive, alpha-beta cytotoxic T cell		no
CD4+/CD8+ T cell	alpha/beta and gamma/delta CD4+ and CD8+ T cells	T cell	Exact		CL:0002039	immature NK T cell stage I, mouse	9			CL:0000794	CD8-positive, alpha-beta cytotoxic T cell		no
CD4-/CD8- T cell	alpha/beta and gamma/delta CD4- and CD8- T cells	T cell	Exact		CL:0000803	CD4-negative CD8-negative gamma-delta intraepithelial T cell	11			CL:0000794	CD8-positive, alpha-beta cytotoxic T cell		no
CD4+ TCRab T cell	CD4+ alpha/beta T cell	TCRab	Exact		CL:0000895	naive thymus-derived CD4-positive, alpha-beta T cell	13			CL:0020033	stem cell memory CD4-positive, alpha-beta T cell		no
CD8+ TCRab T cell	CD8+ alpha/beta T cell	TCRab	Exact		CL:0000900	naive thymus-derived CD8-positive, alpha-beta T cell	13			CL:0020034	stem cell memory CD8-positive, alpha-beta T cell		no
CD4+/CD8+ TCRab T cell	CD4+ and CD8+ alpha/beta T cell	TCRab	Exact		CL:0002039	immature NK T cell stage I, mouse	9			CL:0001203	CD8-positive, alpha-beta memory T cell, CD45RO-positive		no
CD4-/CD8- TCRab T cell	CD4- and CD8- alpha/beta T cell	TCRab	Exact		CL:0000803	CD4-negative CD8-negative gamma-delta intraepithelial T cell	11			CL:0001203	CD8-positive, alpha-beta memory T cell, CD45RO-positive		no
CD4+ TCRgd T cell	CD4+ gamma/delta T cell	TCRgd	Exact		CL:0000895	naive thymus-derived CD4-positive, alpha-beta T cell	13			CL:0000803	CD4-negative CD8-negative gamma-delta intraepithelial T cell		no
CD8+ TCRgd T cell	CD8+ gamma/delta T cell	TCRgd	Exact		CL:0000900	naive thymus-derived CD8-positive, alpha-beta T cell	13			CL:0000802	CD8-alpha alpha positive, gamma-delta intraepithelial T cell		no
CD4+/CD8+ TCRgd	CD4+/CD8+ gamma/delta T cell	TCRgd	Exact		CL:0002039	immature NK T cell stage I, mouse	9			CL:0000803	CD4-negative CD8-negative gamma-delta intraepithelial T cell		no
CD4-/CD8- TCRgd	CD4-/CD8- gamma/delta T cell	TCRgd	Exact		CL:0000803	CD4-negative CD8-negative gamma-delta intraepithelial T cell	10			CL:0000803	CD4-negative CD8-negative gamma-delta intraepithelial T cell		yes
MAIT	Mucosal-associated Invariant T cell	T Lymph	Exact		CL:0002468	Gr1-low myeloid suppressor cell	7			CL:0000940	mucosal-associated invariant T cell		no
Conv TCRab		T Lymph	Exact		CL:0002468	Gr1-low myeloid suppressor cell	6					no CL hits	no
CD4+ Conv TCRab		ConT TCRab	Exact		CL:0000895	naive thymus-derived CD4-positive, alpha-beta T cell	12					no CL hits	no
CD8+ Conv TCRab		ConT TCRab	Exact		CL:0000900	naive thymus-derived CD8-positive, alpha-beta T cell	12					no CL hits	no
CD4+/CD8+ Conv TCRab		ConT TCRab	Exact		CL:0000809	double-positive, alpha-beta thymocyte	8					no CL hits	no
CD4-/CD8- Conv TCRab		ConT TCRab	Exact		CL:0000803	CD4-negative CD8-negative gamma-delta intraepithelial T cell	9					no CL hits	no
Tcm	Central memory alpha/beta and gamma/delta T cells	T cell	Exact		CL:0001057	myeloid dendritic cell, human	15					no CL hits	no
CD4+ Tcm	CD4+ central memory alpha/beta and gamma/delta T cells	CD4+ T cell	Exact		CL:0001057	myeloid dendritic cell, human	15					no CL hits	no
CD4+ TCRab Tcm	CD4+ central memory alpha/beta T cell	CD4+ TCRab T cell	Exact		CL:0001057	myeloid dendritic cell, human	15			CL:0000904	central memory CD4-positive, alpha-beta T cell		no
CD4+ TCRgd Tcm	CD4+ central memory gamma/delta T cell	CD4+ TCRgd T cell			CL:0001057	myeloid dendritic cell, human	15					no CL hits	no
CD8+ Tcm	CD8+ central memory T cell	CD8+ T cell	Exact		CL:0001057	myeloid dendritic cell, human	15			CL:0000907	central memory CD8-positive, alpha-beta T cell		no
CD8+ TCRab Tcm	CD8+  central memory alpha/beta T cell	CD8+ TCRab T cell	Exact		CL:0001057	myeloid dendritic cell, human	15			CL:0000907	central memory CD8-positive, alpha-beta T cell		no
CD8+ TCRgd Tcm	CD8+ central memory gamma/delta T cell	CD8+ TCRgd T cell			CL:0001057	myeloid dendritic cell, human	15					no CL hits	no
Tnaive	Naive alpha/beta and gamma/delta T cell	T cell	Exact		CL:0001057	myeloid dendritic cell, human	15					no CL hits	no
CD4+ Tnaive	CD4+ Naive alpha/beta and gamma/delta T cell	CD4+ T cell	Exact		CL:0001057	myeloid dendritic cell, human	15					no CL hits	no
CD4+ TCRab Tnaive	CD4+ naive alpha/beta T cell	CD4 TCRab T cell	Exact		CL:0001057	myeloid dendritic cell, human	15			CL:0000895	naive thymus-derived CD4-positive, alpha-beta T cell		no
CD4+ TCRgd Tnaive	CD4+ naive gamma/delta T cell	CD4+ TCRgd T cell			CL:0001057	myeloid dendritic cell, human	15					no CL hits	no
CD8+ Tnaive	CD8+ naive alpha/beta and gamma/delta T cell	CD8+ T cell	Exact		CL:0001057	myeloid dendritic cell, human	15					no CL hits	no
CD8+ TCRab Tnaive	CD8+ naive alpha/beta T cell	CD8+ TCRab T cell	Exact		CL:0001057	myeloid dendritic cell, human	15			CL:0000900	naive thymus-derived CD8-positive, alpha-beta T cell		no
CD8+ TCRgd Tnaive	CD8+ naive gamma/delta  T cell	CD8+ TCRgd T cell			CL:0001057	myeloid dendritic cell, human	15					no CL hits	no
Tem	Effector memory T cell	T cell	Exact		CL:0001057	myeloid dendritic cell, human	15			CL:0000905	effector memory CD4-positive, alpha-beta T cell		no
CD4+ Tem	CD4+ effector memory alpha/beta and gamma/delta T cells	CD4+ T cell	Exact		CL:0001057	myeloid dendritic cell, human	15					no CL hits	no
CD4+ TCRab Tem	CD4+ effector memory alpha/beta T cell	CD4+ TCRab T cell	Exact		CL:0001057	myeloid dendritic cell, human	15			CL:0000905	effector memory CD4-positive, alpha-beta T cell		no
CD4+ TCRgd Tem	CD4+ effector memory gamma/delta T cell	CD4+ TCRgd T cell			CL:0001057	myeloid dendritic cell, human	15					no CL hits	no
CD8+ Tem	CD8+ effector memory T cell	CD8+ T cell	Exact		CL:0001057	myeloid dendritic cell, human	15			CL:0000913	effector memory CD8-positive, alpha-beta T cell		no
CD8+ TCRab Tem	CD8+  effector memory alpha/beta T cell	CD8+ TCRab T cell	Exact		CL:0001057	myeloid dendritic cell, human	15			CL:0000913	effector memory CD8-positive, alpha-beta T cell		no
CD8+ TCRgd Tem	CD8+ effector memory gamma/delta T cell	CD8+ TCRgd T cell			CL:0001057	myeloid dendritic cell, human	15					no CL hits	no
Temra	CD45RA+ effector memory alpha/beta and gamma/delta T cell	T cell	Exact		CL:0001057	myeloid dendritic cell, human	15					no CL hits	no
CD4+ Temra	CD4+ CD45RA+ effector memory alpha/beta and gamma/delta T cell	CD4+ T cell	Exact		CL:0001057	myeloid dendritic cell, human	15					no CL hits	no
CD4+ TCRab Temra	CD4+ CD45RA+ effector memory alpha/beta T cell	CD4 TCRab T cell	Exact		CL:0001057	myeloid dendritic cell, human	15			CL:4030002	effector memory CD45RA-positive, alpha-beta T cell, terminally differentiated		no
CD4+ TCRgd Temra	CD4+ CD45RA+ effector memory gamma/delta T cell	CD4+ TCRgd T cell			CL:0001057	myeloid dendritic cell, human	15					no CL hits	no
CD8+ Temra	CD8+ CD45RA+ effector memory alpha/beta and gamma/delta T cell	CD8+ T cell	Exact		CL:0001057	myeloid dendritic cell, human	15					no CL hits	no
CD8+ TCRab Temra	CD8+ CD45RA+ effector memory alpha/beta T cell	CD8+ TCRab T cell	Exact		CL:0001057	myeloid dendritic cell, human	15			CL:0000913	effector memory CD8-positive, alpha-beta T cell		no
T helper		TCRab			CL:0002468	Gr1-low myeloid suppressor cell	6			CL:0000492	CD4-positive helper T cell		no
T cytotoxic		TCRab			CL:0001057	myeloid dendritic cell, human	14			CL:0000794	CD8-positive, alpha-beta cytotoxic T cell		no
ConT Treg-like		CD4 ConT			CL:0000896	activated CD4-positive, alpha-beta T cell	13			CL:0000815	regulatory T cell		no
ConT Tfh-like		CD4 ConT			CL:0000896	activated CD4-positive, alpha-beta T cell	13			CL:0000492	CD4-positive helper T cell		no
Th1-like		CD4 ConT			CL:0000896	activated CD4-positive, alpha-beta T cell	13			CL:0000492	CD4-positive helper T cell		no
Th2-like		CD4 ConT			CL:0000896	activated CD4-positive, alpha-beta T cell	13			CL:0000546	T-helper 2 cell		no
Th9-like					CL:0000546	T-helper 2 cell	12					no CL hits	no
Th17-like		CD4 ConT			CL:0000896	activated CD4-positive, alpha-beta T cell	13			CL:0000492	CD4-positive helper T cell		no
CD4 PanT helper		CD4/CD8 PanT			CL:0000895	naive thymus-derived CD4-positive, alpha-beta T cell	13					no CL hits	no
Th1-like			Surface Only		CL:0000545	T-helper 1 cell	16			CL:0000492	CD4-positive helper T cell		no
Th2-like					CL:0000546	T-helper 2 cell	16			CL:0000546	T-helper 2 cell		yes
Th9-like					CL:0000546	T-helper 2 cell	16					no CL hits	no
Th17-like					CL:0000899	T-helper 17 cell	16			CL:0000492	CD4-positive helper T cell		no
Tfh					CL:0001057	myeloid dendritic cell, human	14			CL:0000917	Tc1 cell		no
CD4 PanT Treg		CD4/CD8 PanT			CL:0000896	activated CD4-positive, alpha-beta T cell	17					no CL hits	no
Vg9 Vd2		TCRgd			CL:0002468	Gr1-low myeloid suppressor cell	6					no CL hits	no
Vd2		TCRgd			CL:0002468	Gr1-low myeloid suppressor cell	6					no CL hits	no
Vd3		TCRgd			CL:0002468	Gr1-low myeloid suppressor cell	6					no CL hits	no
Vg9 Vd1					CL:0002468	Gr1-low myeloid suppressor cell	6					no CL hits	no
Vd1		TCRgd			CL:0002468	Gr1-low myeloid suppressor cell	6					no CL hits	no
Vg9		TCRgd			CL:0002468	Gr1-low myeloid suppressor cell	6					no CL hits	no
