marker_token	representation	protein_resolution	canonical	legacy_axiom_rows	enhanced_axiom_rows	gained	lost	rationale	source_ref	failure_category	specific_rationale	evidence_level	next_action
CCR4	single_protein	allow	CCR4	0	4	4	0	Retains the registry's single PRO representation; computational identity only, not biological sign-off.	marker_mappings/marker_protein_gene.csv#CCR4				
CCR6	single_protein	allow	CCR6	0	8	8	0	Retains the registry's single PRO representation; computational identity only, not biological sign-off.	marker_mappings/marker_protein_gene.csv#CCR6				
CD10	single_protein	allow	CD10	20	20	0	0	Retains the registry's single PRO representation; computational identity only, not biological sign-off.	marker_mappings/marker_protein_gene.csv#CD10				
CD117	single_protein	allow	CD117	49	44	0	5	Retains the registry's single PRO representation; computational identity only, not biological sign-off.	marker_mappings/marker_protein_gene.csv#CD117				
CD11C	single_protein	allow	CD11C	85	85	0	0	Retains the registry's single PRO representation; computational identity only, not biological sign-off.	marker_mappings/marker_protein_gene.csv#CD11c				
CD123	single_protein	allow	CD123	31	31	0	0	Retains the registry's single PRO representation; computational identity only, not biological sign-off.	marker_mappings/marker_protein_gene.csv#CD123				
CD127	single_protein	allow	CD127	58	53	0	5	Retains the registry's single PRO representation; computational identity only, not biological sign-off.	marker_mappings/marker_protein_gene.csv#CD127				
CD138	single_protein	allow	CD138	52	52	0	0	Retains the registry's single PRO representation; computational identity only, not biological sign-off.	marker_mappings/marker_protein_gene.csv#CD138				
CD14	single_protein	allow	CD14	108	108	0	0	Retains the registry's single PRO representation; computational identity only, not biological sign-off.	marker_mappings/marker_protein_gene.csv#CD14				
CD141	single_protein	allow	CD141	1	1	0	0	Retains the registry's single PRO representation; computational identity only, not biological sign-off.	marker_mappings/marker_protein_gene.csv#CD141				
CD15	unresolved	withhold	CD15	15	0	0	15	Conservative hold: registry protein label or reagent context does not explicitly establish whole-marker identity; review required.	marker_mappings/marker_protein_gene.csv#CD15	carbohydrate_epitope	CD15 antibodies detect the Lewis X (SSEA-1) carbohydrate, not a protein. The registry PRO ID (PR:000001456) is FUT4, the fucosyltransferase that makes it; PRO lists CD15 as an exact synonym of FUT4 and CL uses FUT4 in 8 asserted CD15 axioms. Possible CHEBI representation: CHEBI:62287 (Gal-(1->4)-[Fuc-(1->3)]-GlcNAc), structural match to be confirmed.	ontology_checked	leave withheld; propose CL/PRO issue on CD15 = FUT4
CD16	unresolved	withhold	CD16	29	0	0	29	Conservative hold: registry protein label or reagent context does not explicitly establish whole-marker identity; review required.	marker_mappings/marker_protein_gene.csv#CD16	multi_gene_product	Human CD16 is two genes: FCGR3A (CD16a, PR:000001484) and FCGR3B (CD16b, PR:000001485). The registry and CL use PR:000001483, which PRO defines as the product of the mouse Fcgr3 gene or a 1:1 ortholog, so it does not clearly cover either human gene. OMIP-069 uses clone 3G8; its CD16a/CD16b specificity is not yet verified here.	ontology_checked	ask David (CD16a vs CD16a+CD16b); propose CL issue on PR:000001483 for human cell types
CD161	single_protein	allow	CD161	19	2	0	17	Retains the registry's single PRO representation; computational identity only, not biological sign-off.	marker_mappings/marker_protein_gene.csv#CD161				
CD172A	single_protein	allow	CD172A	6	6	0	0	Retains the registry's single PRO representation; computational identity only, not biological sign-off.	marker_mappings/marker_protein_gene.csv#CD172a				
CD183	single_protein	allow	CD183	8	8	0	0	Retains the registry's single PRO representation; computational identity only, not biological sign-off.	marker_mappings/marker_protein_gene.csv#CD183				
CD185	single_protein	allow	CD185	2	2	0	0	Retains the registry's single PRO representation; computational identity only, not biological sign-off.	marker_mappings/marker_protein_gene.csv#CD185				
CD19	single_protein	allow	CD19	335	335	0	0	Retains the registry's single PRO representation; computational identity only, not biological sign-off.	marker_mappings/marker_protein_gene.csv#CD19				
CD193	single_protein	allow	CD193	16	16	0	0	Retains the registry's single PRO representation; computational identity only, not biological sign-off.	marker_mappings/marker_protein_gene.csv#CD193				
CD194	single_protein	allow	CCR4	4	4	0	0	Retains the registry's single PRO representation; computational identity only, not biological sign-off.	marker_mappings/marker_protein_gene.csv#CD194				
CD196	single_protein	allow	CCR6	8	8	0	0	Retains the registry's single PRO representation; computational identity only, not biological sign-off.	marker_mappings/marker_protein_gene.csv#CD196				
CD198	single_protein	allow	CD198	0	0	0	0	Retains the registry's single PRO representation; computational identity only, not biological sign-off.	marker_mappings/marker_protein_gene.csv#CD198				
CD1C	single_protein	allow	CD1C	1	1	0	0	Retains the registry's single PRO representation; computational identity only, not biological sign-off.	marker_mappings/marker_protein_gene.csv#CD1c				
CD1D-A-GALCER	reagent_gate	withhold	CD1D-A-GALCER	0	0	0	0	Registry notes describe a reagent, lipid antigen, or carbohydrate epitope rather than a single protein.	marker_mappings/marker_protein_gene.csv#CD1d-a-GalCer	lipid_antigen_reagent	First half of CD1d-a-GalCer Tetramer+ (rows 60, 76-80, 108, 110-115): CD1d loaded with the lipid alpha-galactosylceramide, a reagent that stains iNKT TCRs. Not a protein marker on the cell.	source_traced	leave withheld; report spacing to SOULCAP
CD20	single_protein	allow	CD20	284	284	0	0	Retains the registry's single PRO representation; computational identity only, not biological sign-off.	marker_mappings/marker_protein_gene.csv#CD20				
CD21	single_protein	allow	CD21	11	11	0	0	Retains the registry's single PRO representation; computational identity only, not biological sign-off.	marker_mappings/marker_protein_gene.csv#CD21				
CD24	single_protein	allow	CD24	38	38	0	0	Retains the registry's single PRO representation; computational identity only, not biological sign-off.	marker_mappings/marker_protein_gene.csv#CD24				
CD25	single_protein	allow	CD25	41	40	0	1	Retains the registry's single PRO representation; computational identity only, not biological sign-off.	marker_mappings/marker_protein_gene.csv#CD25				
CD27	single_protein	allow	CD27	49	49	0	0	Retains the registry's single PRO representation; computational identity only, not biological sign-off.	marker_mappings/marker_protein_gene.csv#CD27				
CD294	single_protein	allow	CD294	1	1	0	0	Retains the registry's single PRO representation; computational identity only, not biological sign-off.	marker_mappings/marker_protein_gene.csv#CD294				
CD3	unresolved	withhold	CD3	330	0	0	330	Conservative hold: registry protein label or reagent context does not explicitly establish whole-marker identity; review required.	marker_mappings/marker_protein_gene.csv#CD3	protein_complex	CD3 is a multi-chain complex (CD3 gamma, delta, epsilon, zeta). PRO has no general CD3 complex term: its only CD3 complex is the phosphorylated CD3 epsilon:gamma dimer (PR:000025781). Options are CD3 epsilon (PR:000001020, which CL uses in all 23 asserted CD3-negative axioms) or the family term PR:000001018 (CD3 delta/epsilon/gamma). CL encodes T-cell identity with GO TCR complexes (GO:0042101/GO:0042105/GO:0042106). OMIP-069 uses clone SK7. Blocks 71 cell types.	ontology_checked	ask David; decision needed: see docs/marker_resolution.md#decisions-for-david
CD303	single_protein	allow	CD303	3	3	0	0	Retains the registry's single PRO representation; computational identity only, not biological sign-off.	marker_mappings/marker_protein_gene.csv#CD303				
CD33	single_protein	allow	CD33	15	13	0	2	Retains the registry's single PRO representation; computational identity only, not biological sign-off.	marker_mappings/marker_protein_gene.csv#CD33				
CD34	single_protein	allow	CD34	135	130	0	5	Retains the registry's single PRO representation; computational identity only, not biological sign-off.	marker_mappings/marker_protein_gene.csv#CD34				
CD38	single_protein	allow	CD38	59	59	0	0	Retains the registry's single PRO representation; computational identity only, not biological sign-off.	marker_mappings/marker_protein_gene.csv#CD38				
CD4	single_protein	allow	CD4	196	196	0	0	Retains the registry's single PRO representation; computational identity only, not biological sign-off.	marker_mappings/marker_protein_gene.csv#CD4				
CD45	single_protein	allow	CD45	92	92	0	0	Retains the registry's single PRO representation; computational identity only, not biological sign-off.	marker_mappings/marker_protein_gene.csv#CD45				
CD56	single_protein	allow	CD56	181	177	0	4	Retains the registry's single PRO representation; computational identity only, not biological sign-off.	marker_mappings/marker_protein_gene.csv#CD56				
CD57	reagent_gate	withhold	CD57	0	0	0	0	Registry notes describe a reagent, lipid antigen, or carbohydrate epitope rather than a single protein.	marker_mappings/marker_protein_gene.csv#CD57	carbohydrate_epitope	CD57 antibodies (clone HNK-1 in OMIP-069) detect the HNK-1 sulfoglucuronyl carbohydrate, not a protein. B3GAT1 (PR:000001440) is the enzyme that makes it. Possible CHEBI representation: CHEBI:137065 (GlcA3S-(1->3)-Gal-(1->4)-GlcNAc), structural match to be confirmed.	ontology_checked	leave withheld
CD64	single_protein	allow	CD64	1	1	0	0	Retains the registry's single PRO representation; computational identity only, not biological sign-off.	marker_mappings/marker_protein_gene.csv#CD64				
CD66B	single_protein	allow	CD66B	21	21	0	0	Retains the registry's single PRO representation; computational identity only, not biological sign-off.	marker_mappings/marker_protein_gene.csv#CD66b				
CD8	unresolved	withhold	CD8	318	39	0	279	Conservative hold: registry protein label or reagent context does not explicitly establish whole-marker identity; review required.	marker_mappings/marker_protein_gene.csv#CD8	protein_complex	CD8 is expressed as a CD8 alpha-alpha homodimer or a CD8 alpha-beta heterodimer. PR:000025402 is specifically CD8 alpha-beta (exact synonym CD8alphabeta; components CD8 alpha + CD8 beta), so it excludes CD8aa+ gamma-delta T and NK cells. CD8 alpha (PR:000001084) covers both; CD8 beta is PR:000001085. CL uses PR:000001084, PR:000025402 and PR:000025403. OMIP-069 uses clone SK1.	ontology_checked	ask David; decision needed: see docs/marker_resolution.md#decisions-for-david
CXCR3	single_protein	allow	CD183	0	8	8	0	Retains the registry's single PRO representation; computational identity only, not biological sign-off.	marker_mappings/marker_protein_gene.csv#CXCR3				
CXCR5	single_protein	allow	CD185	0	2	2	0	Retains the registry's single PRO representation; computational identity only, not biological sign-off.	marker_mappings/marker_protein_gene.csv#CXCR5				
DELTA	unresolved	withhold	DELTA	0	0	0	0	No PRO identity recorded; possible source artifact or unresolved marker requires clarification.	marker_mappings/marker_protein_gene.csv#delta	source_syntax_artifact	From TCR V delta 1+ / TCR V delta 2- (rows 124-128), split at the spaces. Intended markers are TCR Vd1 and Vd2.	source_traced	report to SOULCAP (see reports/soulcap_feedback.tsv)
DELTA1	unresolved	withhold	DELTA1	0	0	0	0	No PRO identity recorded; possible source artifact or unresolved marker requires clarification.	marker_mappings/marker_protein_gene.csv#delta1	source_syntax_artifact	From TCR V delta1- (Ideal phenotypic, rows 123-124). Intended marker is TCR Vd1.	source_traced	report to SOULCAP (see reports/soulcap_feedback.tsv)
FCER1A	single_protein	allow	FCER1A	0	16	16	0	Retains the registry's single PRO representation; computational identity only, not biological sign-off.	marker_mappings/marker_protein_gene.csv#FceR1a				
GAMMA	unresolved	withhold	GAMMA	0	0	0	0	No PRO identity recorded; possible source artifact or unresolved marker requires clarification.	marker_mappings/marker_protein_gene.csv#gamma	source_syntax_artifact	From TCR V gamma 9+ / TCR V gamma 9- (rows 124-128), split at the spaces. Intended marker is TCR Vg9.	source_traced	report to SOULCAP (see reports/soulcap_feedback.tsv)
HLA-DR	complex	withhold	HLA-DR	0	0	0	0	Registry notes describe an assembled or multi-gene marker; component PRO identity cannot establish whole-marker equivalence.	marker_mappings/marker_protein_gene.csv#HLA-DR	protein_complex	HLA-DR is a heterodimer of the DR alpha chain (DRA) and one of several DR beta chains (DRB1/3/4/5). The registry uses DRA (PR:000002015), as do 6 asserted CL axioms; CL also uses the generic GO:0042613 (MHC class II protein complex) in 23 axioms, which is not DR-specific. OMIP-069 uses clone L243.	ontology_checked	ask David (DRA vs GO:0042613)
IFNG	single_protein	allow	IFNG	0	0	0	0	Retains the registry's single PRO representation; computational identity only, not biological sign-off.	marker_mappings/marker_protein_gene.csv#IFNg				
IGA	protein_family	withhold	IGA	0	0	0	0	Registry notes document a non-single-protein or pan-marker representation.	marker_mappings/marker_protein_gene.csv#IgA	protein_family	Surface IgA is a two-gene family (IGHA1/IGHA2) assembled with light chains. CL models surface immunoglobulin with GO immunoglobulin complex terms; PRO has human IgA1/IgA2 B cell receptor complexes (PR:000050161, PR:000050162) and GO has GO:0071747 (IgA B cell receptor complex).	ontology_checked	use a GO immunoglobulin complex term as CL does (confirm with David)
IGD	protein_family	withhold	IGD	0	0	0	0	Registry notes document a non-single-protein or pan-marker representation.	marker_mappings/marker_protein_gene.csv#IgD	protein_family	Surface IgD is the IgD immunoglobulin complex. CL uses GO:0071738 (IgD immunoglobulin complex) in 14 axioms (has/lacks plasma membrane part), e.g. on naive B cell. PRO also has PR:000050172 (IgD B cell receptor complex, human).	ontology_checked	use GO:0071738 as CL does (confirm with David)
IGE	protein_family	withhold	IGE	0	0	0	0	Registry notes document a non-single-protein or pan-marker representation.	marker_mappings/marker_protein_gene.csv#IgE	protein_family	Surface IgE is an immunoglobulin complex. GO has GO:0071744 (IgE B cell receptor complex); CL uses GO:0071743 (IgE immunoglobulin complex, circulating) for secreted IgE. No human PRO IgE BCR complex found.	ontology_checked	use a GO immunoglobulin complex term (confirm with David)
IGG	protein_family	withhold	IGG	0	0	0	0	Registry notes document a non-single-protein or pan-marker representation.	marker_mappings/marker_protein_gene.csv#IgG	protein_family	Surface IgG spans four subclass genes (IGHG1-4). CL uses GO:0071735 (IgG immunoglobulin complex); PRO has human IgG1-4 B cell receptor complexes (PR:000050313 to PR:000050316) and GO has GO:0071737 (IgG B cell receptor complex).	ontology_checked	use GO:0071735 as CL does (confirm with David)
IGM	protein_family	withhold	IGM	0	0	0	0	Registry notes document a non-single-protein or pan-marker representation.	marker_mappings/marker_protein_gene.csv#IgM	protein_family	Surface IgM is the IgM immunoglobulin complex. CL uses GO:0071753 (IgM immunoglobulin complex) in 11 axioms, e.g. on naive B cell; GO also has GO:0071755 (IgM B cell receptor complex).	ontology_checked	use GO:0071753 as CL does (confirm with David)
IL-13	single_protein	allow	IL-13	0	0	0	0	Retains the registry's single PRO representation; computational identity only, not biological sign-off.	marker_mappings/marker_protein_gene.csv#IL-13				
IL-17A	single_protein	allow	IL-17A	0	0	0	0	Retains the registry's single PRO representation; computational identity only, not biological sign-off.	marker_mappings/marker_protein_gene.csv#IL-17a				
IL-4	single_protein	allow	IL-4	0	0	0	0	Retains the registry's single PRO representation; computational identity only, not biological sign-off.	marker_mappings/marker_protein_gene.csv#IL-4				
IL-5	single_protein	allow	IL-5	0	0	0	0	Retains the registry's single PRO representation; computational identity only, not biological sign-off.	marker_mappings/marker_protein_gene.csv#IL-5				
IL-9	single_protein	allow	IL-9	0	0	0	0	Retains the registry's single PRO representation; computational identity only, not biological sign-off.	marker_mappings/marker_protein_gene.csv#IL-9				
MR1	unresolved	withhold	MR1	0	0	0	0	Conservative hold: registry protein label or reagent context does not explicitly establish whole-marker identity; review required.	marker_mappings/marker_protein_gene.csv#MR1	multimer_reagent	Every sheet use is MR1 Tetramer+ (rows 75-80, 108, 110-115): a tetramer of MR1 loaded with antigen that stains MAIT TCRs. It detects TCR specificity, not MR1 on the cell, so mapping it to MR1 protein (PR:Q95460) would be wrong. The token is split from MR1 Tetramer by the space.	source_traced	leave withheld; report spacing to SOULCAP
TCR	protein_family	withhold	TCR	0	0	0	0	Registry notes document a non-single-protein or pan-marker representation.	marker_mappings/marker_protein_gene.csv#TCR	source_syntax_artifact	No sheet row uses TCR alone as a marker. The token comes from spaced names split by the tokenizer: TCR Vb11+, TCR VB11+, TCR V delta 1+ and TCR V gamma 9 (sheet rows 60, 76-80, 123-128). If a genuine pan-TCR marker were needed, CL uses GO:0042101 (T cell receptor complex).	source_traced	report to SOULCAP (see reports/soulcap_feedback.tsv)
TCRAB	complex	withhold	TCRAB	0	0	0	0	Registry notes describe an assembled or multi-gene marker; component PRO identity cannot establish whole-marker equivalence.	marker_mappings/marker_protein_gene.csv#TCRab	protein_complex	Pan alpha-beta TCR antibodies recognise the assembled alpha-beta heterodimer. CL encodes this with GO:0042105 (alpha-beta T cell receptor complex), e.g. on CL:0000789 alpha-beta T cell. No PRO complex term found.	ontology_checked	use GO:0042105 as CL does (confirm with David)
TCRGD	complex	withhold	TCRGD	0	0	0	0	Registry notes describe an assembled or multi-gene marker; component PRO identity cannot establish whole-marker equivalence.	marker_mappings/marker_protein_gene.csv#TCRgd	protein_complex	Pan gamma-delta TCR antibodies (clone B1.1 in OMIP-069) recognise the assembled gamma-delta heterodimer. CL encodes this with GO:0042106 (gamma-delta T cell receptor complex) on CL:0000798. No PRO complex term found.	ontology_checked	use GO:0042106 as CL does (confirm with David)
TCRVA24	single_protein	allow	TCRVA24	0	0	0	0	Retains the registry's single PRO representation; computational identity only, not biological sign-off.	marker_mappings/marker_protein_gene.csv#TCRVa24				
TCRVA24-JA18	complex	withhold	TCRVA24-JA18	0	0	0	0	Registry notes describe an assembled or multi-gene marker; component PRO identity cannot establish whole-marker equivalence.	marker_mappings/marker_protein_gene.csv#TCRVa24-Ja18	multi_gene_product	The invariant iNKT TCR alpha chain is a rearrangement of two gene segments, TRAV10 (V alpha 24) and TRAJ18. The registry maps only the V segment (PR:A0A0B4J240, TRAV10), which would also match non-invariant V alpha 24 TCRs.	registry_note_only	leave withheld
TCRVA7.2	single_protein	allow	TCRVA7.2	0	1	1	0	Retains the registry's single PRO representation; computational identity only, not biological sign-off.	marker_mappings/marker_protein_gene.csv#TCRVa7.2				
TCRVB11	single_protein	allow	TCRVB11	0	0	0	0	Retains the registry's single PRO representation; computational identity only, not biological sign-off.	marker_mappings/marker_protein_gene.csv#TCRVb11				
TCRVD2	single_protein	allow	TCRVD2	0	0	0	0	Retains the registry's single PRO representation; computational identity only, not biological sign-off.	marker_mappings/marker_protein_gene.csv#TCRVd2				
TCRVG9	single_protein	allow	TCRVG9	0	0	0	0	Retains the registry's single PRO representation; computational identity only, not biological sign-off.	marker_mappings/marker_protein_gene.csv#TCRVg9				
TETRAMER	reagent_gate	withhold	TETRAMER	0	0	0	0	Registry notes describe a reagent, lipid antigen, or carbohydrate epitope rather than a single protein.	marker_mappings/marker_protein_gene.csv#Tetramer	source_syntax_artifact	Second half of the spaced names MR1 Tetramer+ and CD1d-a-GalCer Tetramer+ (rows 60, 75-80, 108, 110-115). Not a marker.	source_traced	report to SOULCAP (see reports/soulcap_feedback.tsv)
V	unresolved	withhold	V	0	0	0	0	No PRO identity recorded; possible source artifact or unresolved marker requires clarification.	marker_mappings/marker_protein_gene.csv#V	source_syntax_artifact	From TCR V delta1- (Ideal phenotypic, rows 123-124), which parses without error but splits into TCR / V / delta1, and from TCR V delta 2+ style names (rows 124-128). Intended markers are TCR Vd1, Vd2 and Vg9 (written TCRVd2+, TCRVg9+ in row 123).	source_traced	report to SOULCAP (see reports/soulcap_feedback.tsv)
VB11	single_protein	allow	TCRVB11	0	0	0	0	Retains the registry's single PRO representation; computational identity only, not biological sign-off.	marker_mappings/marker_protein_gene.csv#VB11				
VD1	single_protein	allow	VD1	0	0	0	0	Retains the registry's single PRO representation; computational identity only, not biological sign-off.	marker_mappings/marker_protein_gene.csv#Vd1				
