section	status	subject_id	sheet_row	abbreviation	parent	column	current_string	issue	suggested_fix	fix_source	notes
a_syntax_error	draft	SOULCAP:SC000017	18	Mono		Required exclusion	CD56- CD19- ([CD123hi]- CD303-) ([CD123hi|CD193-)	unexpected ')' in group			Unbalanced brackets in '([CD123hi|CD193-)'; the intended grouping is unclear (possibly '([CD123hi]-|CD193-)'). Needs SOULCAP to confirm.
a_syntax_error	draft	SOULCAP:SC000018	19	CMo	Mono	Required exclusion	CD56- CD19- ([CD123hi]- CD303-) ([CD123hi|CD193-)	unexpected ')' in group			Unbalanced brackets in '([CD123hi|CD193-)'; the intended grouping is unclear (possibly '([CD123hi]-|CD193-)'). Needs SOULCAP to confirm.
a_syntax_error	draft	SOULCAP:SC000019	20	NCMo	Mono	Required exclusion	CD56- CD19- ([CD123hi]- CD303-) ([CD123hi|CD193-)	unexpected ')' in group			Unbalanced brackets in '([CD123hi|CD193-)'; the intended grouping is unclear (possibly '([CD123hi]-|CD193-)'). Needs SOULCAP to confirm.
a_syntax_error	draft	SOULCAP:SC000020	21	IntMo	Mono	Required exclusion	CD56- CD19- ([CD123hi]- CD303-) ([CD123hi|CD193-)	unexpected ')' in group			Unbalanced brackets in '([CD123hi|CD193-)'; the intended grouping is unclear (possibly '([CD123hi]-|CD193-)'). Needs SOULCAP to confirm.
a_syntax_error	draft	SOULCAP:SC000059	60	iNKT	T cell	Required phenotypic markers	CD45+ CD3+ (TCRab+|TCRgd-) (TCRVa24-Ja18+|TCRVa24+|CD1d-a-GalCer Tetramer+) TCR Vb11+	mixed '|' and space in a group	CD45+ CD3+ (TCRab+|TCRgd-) (TCRVa24-Ja18+|TCRVa24+|CD1d-a-GalCer-Tetramer+) TCRVb11+	reports/proposed_marker_fixes.xlsx	
a_syntax_error	draft	SOULCAP:SC000074	75	MAIT	T Lymph	Required phenotypic markers	CD45+ CD3+ (TCRab+|TCRgd-) (TCRVa7.2+|MR1 Tetramer+) CD161+	mixed '|' and space in a group	CD45+ CD3+ (TCRab+|TCRgd-) (TCRVa7.2+|MR1Tetramer+) CD161+	reports/proposed_marker_fixes.xlsx	
a_syntax_error	draft	SOULCAP:SC000075	76	Conv TCRab	T Lymph	Required phenotypic markers	CD45+ CD3+ (TCRab+|TCRgd-) [(TCRVa7.2+|MR1 Tetramer+) CD161+]- [(TCRVa24-Ja18+|TCRVa24+|CD1d-a-GalCer Tetramer+) TCR Vb11+]-	mixed '|' and space in a group	CD45+ CD3+ (TCRab+|TCRgd-) [(TCRVa7.2+|MR1Tetramer+) CD161+]- [(TCRVa24-Ja18+|TCRVa24+|CD1d-a-GalCer-Tetramer+) TCRVb11+]-	reports/proposed_marker_fixes.xlsx	
a_syntax_error	draft	SOULCAP:SC000076	77	CD4+ Conv TCRab	ConT TCRab	Required phenotypic markers	CD45+ CD3+ (TCRab+|TCRgd-) [(TCRVa7.2+|MR1 Tetramer+) CD161+]- [(TCRVa24-Ja18+|TCRva24+|CD1d-a-GalCer Tetramer+) TCR VB11+]- CD4+ CD8-	mixed '|' and space in a group	CD45+ CD3+ (TCRab+|TCRgd-) [(TCRVa7.2+|MR1Tetramer+) CD161+]- [(TCRVa24-Ja18+|TCRVa24+|CD1d-a-GalCer-Tetramer+) TCRVb11+]- CD4+ CD8-	reports/proposed_marker_fixes.xlsx	
a_syntax_error	draft	SOULCAP:SC000077	78	CD8+ Conv TCRab	ConT TCRab	Required phenotypic markers	CD45+ CD3+ (TCRab+|TCRgd-) [(TCRVa7.2+|MR1 Tetramer+) CD161+]- [(TCRVa24-Ja18+|TCRVa24+|CD1d-a-GalCer Tetramer+) TCR Vb11+]- CD4- CD8+	mixed '|' and space in a group	CD45+ CD3+ (TCRab+|TCRgd-) [(TCRVa7.2+|MR1Tetramer+) CD161+]- [(TCRVa24-Ja18+|TCRVa24+|CD1d-a-GalCer-Tetramer+) TCRVb11+]- CD4- CD8+	reports/proposed_marker_fixes.xlsx	
a_syntax_error	draft	SOULCAP:SC000078	79	CD4+/CD8+ Conv TCRab	ConT TCRab	Required phenotypic markers	CD45+ CD3+ (TCRab+|TCRgd-) [(TCRVa7.2+|MR1 Tetramer+) CD161+]- [(TCRVa24-Ja18+|TCRva24+|CD1d-a-GalCer Tetramer+) TCR VB11+]- CD4+ CD8+	mixed '|' and space in a group	CD45+ CD3+ (TCRab+|TCRgd-) [(TCRVa7.2+|MR1Tetramer+) CD161+]- [(TCRVa24-Ja18+|TCRVa24+|CD1d-a-GalCer-Tetramer+) TCRVb11+]- CD4+ CD8+	reports/proposed_marker_fixes.xlsx	
a_syntax_error	draft	SOULCAP:SC000079	80	CD4-/CD8- Conv TCRab	ConT TCRab	Required phenotypic markers	CD45+ CD3+ (TCRab+|TCRgd-) [(TCRVa7.2+|MR1 Tetramer+) CD161+]- [(TCRVa24-Ja18+|TCRVa24+|CD1d-a-GalCer Tetramer+) TCR Vb11+]- CD4- CD8-	mixed '|' and space in a group	CD45+ CD3+ (TCRab+|TCRgd-) [(TCRVa7.2+|MR1Tetramer+) CD161+]- [(TCRVa24-Ja18+|TCRVa24+|CD1d-a-GalCer-Tetramer+) TCRVb11+]- CD4- CD8-	reports/proposed_marker_fixes.xlsx	
a_syntax_error	draft	SOULCAP:SC000107	108	T helper	TCRab	Required phenotypic markers	CD45+ CD3+ (TCRab+|TCRgd-)  (TCRVa24-Ja18|TCRVa24|CD1d-a-GalCer Tetramer) TCRVb11 (TCRVa7.2|MR1 Tetramer) CD161 CD4 CD8 (CD183|CXCR3) (CD185|CXCR5) (CD194|CCR4) (CD196|CCR6)	mixed '|' and space in a group			proposed_marker_fixes.xlsx suggests 'CD45+ CD3+ (TCRab+|TCRgd-) (TCRVa24-Ja18|TCRVa24|CD1d-a-GalCer-Tetramer) TCRVb11 (TCRVa7.2|MR1Tetramer) CD161 CD4 CD8 CD183/CXCR3 CD185/CXCR5 CD194/CCR4 CD196/CCR6', but it still fails the grammar (invalid marker token 'CD183/CXCR3'). Most markers here have no +/- qualifier, so the cell reads as a panel list, not a phenotype definition. Needs SOULCAP to state the intended phenotype.
a_syntax_error	draft	SOULCAP:SC000109	110	ConT Treg-like	CD4 ConT	Required phenotypic markers	CD45+ CD3+ (TCRab+|TCRgd-) [(TCRVa24-Ja18+|TCRVa24+|CD1d-a-GalCer Tetramer+) TCRVb11+]- [(TCRVa7.2+|MR1 Tetramer+) CD161+]- CD4+ CD25+ CD127lo/-	mixed '|' and space in a group	CD45+ CD3+ (TCRab+|TCRgd-) [(TCRVa24-Ja18+|TCRVa24+|CD1d-a-GalCer-Tetramer+) TCRVb11+]- [(TCRVa7.2+|MR1Tetramer+) CD161+]- CD4+ CD25+ CD127lo/-	reports/proposed_marker_fixes.xlsx	
a_syntax_error	draft	SOULCAP:SC000110	111	ConT Tfh-like	CD4 ConT	Required phenotypic markers	CD45+ CD3+ (TCRab+|TCRgd-) [(TCRVa24-Ja18+|TCRVa24+|CD1d-a-GalCer Tetramer+) TCRVb11+]- [(TCRVa7.2+|MR1 Tetramer+) CD161+]-  CD4+ [CD25+ CD127lo/-]- CD185+	mixed '|' and space in a group	CD45+ CD3+ (TCRab+|TCRgd-) [(TCRVa24-Ja18+|TCRVa24+|CD1d-a-GalCer-Tetramer+) TCRVb11+]- [(TCRVa7.2+|MR1Tetramer+) CD161+]- CD4+ [CD25+ CD127lo/-]- CD185+	reports/proposed_marker_fixes.xlsx	
a_syntax_error	draft	SOULCAP:SC000111	112	Th1-like	CD4 ConT	Required phenotypic markers	CD45+ CD3+ (TCRab+|TCRgd-) [(TCRVa24-Ja18+|TCRVa24+|CD1d-a-GalCer Tetramer+) TCRVb11+]- [(TCRVa7.2+|MR1 Tetramer+) CD161+]-  CD4+ [CD25+ CD127lo/-]- CD185- CD183+ CD196- CD194-	mixed '|' and space in a group	CD45+ CD3+ (TCRab+|TCRgd-) [(TCRVa24-Ja18+|TCRVa24+|CD1d-a-GalCer-Tetramer+) TCRVb11+]- [(TCRVa7.2+|MR1Tetramer+) CD161+]- CD4+ [CD25+ CD127lo/-]- CD185- CD183+ CD196- CD194-	reports/proposed_marker_fixes.xlsx	
a_syntax_error	draft	SOULCAP:SC000112	113	Th2-like	CD4 ConT	Required phenotypic markers	CD45+ CD3+ (TCRab+|TCRgd-) [(TCRVa24-Ja18+|TCRVa24+|CD1d-a-GalCer Tetramer+) TCRVb11+]- [(TCRVa7.2+|MR1 Tetramer+) CD161+]-  CD4+ [CD25+ CD127lo/-]- CD185- CD183- CD196- CD194+ CD294+	mixed '|' and space in a group	CD45+ CD3+ (TCRab+|TCRgd-) [(TCRVa24-Ja18+|TCRVa24+|CD1d-a-GalCer-Tetramer+) TCRVb11+]- [(TCRVa7.2+|MR1Tetramer+) CD161+]- CD4+ [CD25+ CD127lo/-]- CD185- CD183- CD196- CD194+ CD294+	reports/proposed_marker_fixes.xlsx	
a_syntax_error	draft	SOULCAP:SC000113	114	Th9-like		Required phenotypic markers	CD45+ CD3+ (TCRab+|TCRgd-) [(TCRVa24-Ja18+|TCRVa24+|CD1d-a-GalCer Tetramer+) TCRVb11+]- [(TCRVa7.2+|MR1 Tetramer+) CD161+]-  CD4+ [CD25+ CD127lo/-]- CD185- CD183- CD196- CD194+	mixed '|' and space in a group	CD45+ CD3+ (TCRab+|TCRgd-) [(TCRVa24-Ja18+|TCRVa24+|CD1d-a-GalCer-Tetramer+) TCRVb11+]- [(TCRVa7.2+|MR1Tetramer+) CD161+]-  CD4+ [CD25+ CD127lo/-]- CD185- CD183- CD196- CD194+	this repo (same edit proposed_marker_fixes.xlsx makes for sibling rows 110-115)	Row missing from proposed_marker_fixes.xlsx; only the two spaced reagent names are changed.
a_syntax_error	draft	SOULCAP:SC000114	115	Th17-like	CD4 ConT	Required phenotypic markers	CD45+ CD3+ (TCRab+|TCRgd-) [(TCRVa24-Ja18+|TCRVa24+|CD1d-a-GalCer Tetramer+) TCRVb11+]- [(TCRVa7.2+|MR1 Tetramer+) CD161+]- CD4+ [CD25+ CD127lo/-]- CD185- CD183- CD196+ CD194+/-	mixed '|' and space in a group	CD45+ CD3+ (TCRab+|TCRgd-) [(TCRVa24-Ja18+|TCRVa24+|CD1d-a-GalCer-Tetramer+) TCRVb11+]- [(TCRVa7.2+|MR1Tetramer+) CD161+]- CD4+ [CD25+ CD127lo/-]- CD185- CD183- CD196+ CD194+/-	reports/proposed_marker_fixes.xlsx	
a_syntax_error	draft	SOULCAP:SC000122	123	Vg9 Vd2	TCRgd	Ideal phenotypic markers	TCR V delta1-	parses without error but splits into separate markers TCR / V / delta1 (spaces inside a marker name)	TCRVd1-	this repo (same TCRVd1 spelling proposed_marker_fixes.xlsx uses for rows 124-128)	Not caught by the grammar validator; found by tracing the V / delta1 tokens.
a_syntax_error	draft	SOULCAP:SC000123	124	Vd2	TCRgd	Ideal phenotypic markers	TCR V delta1-	parses without error but splits into separate markers TCR / V / delta1 (spaces inside a marker name)	TCRVd1-	this repo (same TCRVd1 spelling proposed_marker_fixes.xlsx uses for rows 124-128)	Not caught by the grammar validator; found by tracing the V / delta1 tokens.
a_syntax_error	draft	SOULCAP:SC000123	124	Vd2	TCRgd	Required phenotypic markers	CD45+ CD3+ (TCRab-|TCRgd+) TCR V delta 2+ TCR V gamma 9- TCR Vd1-	invalid marker token '2+'	CD45+ CD3+ (TCRab-|TCRgd+) TCRVd2+ TCRVg9- TCRVd1-	reports/proposed_marker_fixes.xlsx	
a_syntax_error	draft	SOULCAP:SC000124	125	Vd3	TCRgd	Ideal phenotypic markers	TCR V gamma 9+/-	invalid marker token '9+/-'	TCRVg9+/-	reports/proposed_marker_fixes.xlsx	
a_syntax_error	draft	SOULCAP:SC000124	125	Vd3	TCRgd	Required phenotypic markers	CD45+ CD3+ (TCRab-|TCRgd+) TCR V delta 1- TCR V delta 2- TCR V gamma 9-	invalid marker token '1-'	CD45+ CD3+ (TCRab-|TCRgd+) TCRVd1- TCRVd2- TCRVg9-	reports/proposed_marker_fixes.xlsx	
a_syntax_error	draft	SOULCAP:SC000125	126	Vg9 Vd1		Required phenotypic markers	CD45+ CD3+ (TCRab-|TCRgd+) TCR V delta 1+ TCR V delta 2- TCR V gamma 9+	invalid marker token '1+'	CD45+ CD3+ (TCRab-|TCRgd+) TCRVd1+ TCRVd2- TCRVg9+	reports/proposed_marker_fixes.xlsx	
a_syntax_error	draft	SOULCAP:SC000126	127	Vd1	TCRgd	Ideal phenotypic markers	TCR V delta 2- TCR V gamma 9+/-	invalid marker token '2-'	TCRVd2- TCRVg9+/-	reports/proposed_marker_fixes.xlsx	
a_syntax_error	draft	SOULCAP:SC000126	127	Vd1	TCRgd	Required phenotypic markers	CD45+ CD3+ (TCRab-|TCRgd+) TCR V delta 1+ TCR V delta 2- TCR V gamma 9+/-	invalid marker token '1+'	CD45+ CD3+ (TCRab-|TCRgd+) TCRVd1+ TCRVd2- TCRVg9+/-	reports/proposed_marker_fixes.xlsx	
a_syntax_error	draft	SOULCAP:SC000127	128	Vg9	TCRgd	Ideal phenotypic markers	TCR V delta 1- TCR V delta 2-	invalid marker token '1-'	TCRVd1- TCRVd2-	reports/proposed_marker_fixes.xlsx	
a_syntax_error	draft	SOULCAP:SC000127	128	Vg9	TCRgd	Required phenotypic markers	CD45+ CD3+ (TCRab-|TCRgd+) TCR V delta 1- TCR V delta 2- TCR V gamma 9+	invalid marker token '1-'	CD45+ CD3+ (TCRab-|TCRgd+) TCRVd1- TCRVd2- TCRVg9+	reports/proposed_marker_fixes.xlsx	
b_empty_required_phenotypic	draft	SOULCAP:SC000027	28	Transitional		Required phenotypic markers		Required phenotypic markers is empty; the row can only be defined through its parent gate			Please add the defining markers for this cell type, or confirm it should inherit its parent's markers. No Parent recorded.
b_empty_required_phenotypic	draft	SOULCAP:SC000080	81	Tcm	T cell	Required phenotypic markers		Required phenotypic markers is empty; the row can only be defined through its parent gate			Please add the defining markers for this cell type, or confirm it should inherit its parent's markers. Parent matches an existing Abbreviation.
b_empty_required_phenotypic	draft	SOULCAP:SC000081	82	CD4+ Tcm	CD4+ T cell	Required phenotypic markers		Required phenotypic markers is empty; the row can only be defined through its parent gate			Please add the defining markers for this cell type, or confirm it should inherit its parent's markers. Parent matches an existing Abbreviation.
b_empty_required_phenotypic	draft	SOULCAP:SC000082	83	CD4+ TCRab Tcm	CD4+ TCRab T cell	Required phenotypic markers		Required phenotypic markers is empty; the row can only be defined through its parent gate			Please add the defining markers for this cell type, or confirm it should inherit its parent's markers. Parent matches an existing Abbreviation.
b_empty_required_phenotypic	draft	SOULCAP:SC000083	84	CD4+ TCRgd Tcm	CD4+ TCRgd T cell	Required phenotypic markers		Required phenotypic markers is empty; the row can only be defined through its parent gate			Please add the defining markers for this cell type, or confirm it should inherit its parent's markers. Parent matches an existing Abbreviation.
b_empty_required_phenotypic	draft	SOULCAP:SC000084	85	CD8+ Tcm	CD8+ T cell	Required phenotypic markers		Required phenotypic markers is empty; the row can only be defined through its parent gate			Please add the defining markers for this cell type, or confirm it should inherit its parent's markers. Parent matches an existing Abbreviation.
b_empty_required_phenotypic	draft	SOULCAP:SC000085	86	CD8+ TCRab Tcm	CD8+ TCRab T cell	Required phenotypic markers		Required phenotypic markers is empty; the row can only be defined through its parent gate			Please add the defining markers for this cell type, or confirm it should inherit its parent's markers. Parent matches an existing Abbreviation.
b_empty_required_phenotypic	draft	SOULCAP:SC000086	87	CD8+ TCRgd Tcm	CD8+ TCRgd T cell	Required phenotypic markers		Required phenotypic markers is empty; the row can only be defined through its parent gate			Please add the defining markers for this cell type, or confirm it should inherit its parent's markers. Parent matches an existing Abbreviation.
b_empty_required_phenotypic	draft	SOULCAP:SC000087	88	Tnaive	T cell	Required phenotypic markers		Required phenotypic markers is empty; the row can only be defined through its parent gate			Please add the defining markers for this cell type, or confirm it should inherit its parent's markers. Parent matches an existing Abbreviation.
b_empty_required_phenotypic	draft	SOULCAP:SC000088	89	CD4+ Tnaive	CD4+ T cell	Required phenotypic markers		Required phenotypic markers is empty; the row can only be defined through its parent gate			Please add the defining markers for this cell type, or confirm it should inherit its parent's markers. Parent matches an existing Abbreviation.
b_empty_required_phenotypic	draft	SOULCAP:SC000089	90	CD4+ TCRab Tnaive	CD4 TCRab T cell	Required phenotypic markers		Required phenotypic markers is empty; the row can only be defined through its parent gate			Please add the defining markers for this cell type, or confirm it should inherit its parent's markers. Parent 'CD4 TCRab T cell' does not exactly match any Abbreviation in the sheet.
b_empty_required_phenotypic	draft	SOULCAP:SC000090	91	CD4+ TCRgd Tnaive	CD4+ TCRgd T cell	Required phenotypic markers		Required phenotypic markers is empty; the row can only be defined through its parent gate			Please add the defining markers for this cell type, or confirm it should inherit its parent's markers. Parent matches an existing Abbreviation.
b_empty_required_phenotypic	draft	SOULCAP:SC000091	92	CD8+ Tnaive	CD8+ T cell	Required phenotypic markers		Required phenotypic markers is empty; the row can only be defined through its parent gate			Please add the defining markers for this cell type, or confirm it should inherit its parent's markers. Parent matches an existing Abbreviation.
b_empty_required_phenotypic	draft	SOULCAP:SC000092	93	CD8+ TCRab Tnaive	CD8+ TCRab T cell	Required phenotypic markers		Required phenotypic markers is empty; the row can only be defined through its parent gate			Please add the defining markers for this cell type, or confirm it should inherit its parent's markers. Parent matches an existing Abbreviation.
b_empty_required_phenotypic	draft	SOULCAP:SC000093	94	CD8+ TCRgd Tnaive	CD8+ TCRgd T cell	Required phenotypic markers		Required phenotypic markers is empty; the row can only be defined through its parent gate			Please add the defining markers for this cell type, or confirm it should inherit its parent's markers. Parent matches an existing Abbreviation.
b_empty_required_phenotypic	draft	SOULCAP:SC000094	95	Tem	T cell	Required phenotypic markers		Required phenotypic markers is empty; the row can only be defined through its parent gate			Please add the defining markers for this cell type, or confirm it should inherit its parent's markers. Parent matches an existing Abbreviation.
b_empty_required_phenotypic	draft	SOULCAP:SC000095	96	CD4+ Tem	CD4+ T cell	Required phenotypic markers		Required phenotypic markers is empty; the row can only be defined through its parent gate			Please add the defining markers for this cell type, or confirm it should inherit its parent's markers. Parent matches an existing Abbreviation.
b_empty_required_phenotypic	draft	SOULCAP:SC000096	97	CD4+ TCRab Tem	CD4+ TCRab T cell	Required phenotypic markers		Required phenotypic markers is empty; the row can only be defined through its parent gate			Please add the defining markers for this cell type, or confirm it should inherit its parent's markers. Parent matches an existing Abbreviation.
b_empty_required_phenotypic	draft	SOULCAP:SC000097	98	CD4+ TCRgd Tem	CD4+ TCRgd T cell	Required phenotypic markers		Required phenotypic markers is empty; the row can only be defined through its parent gate			Please add the defining markers for this cell type, or confirm it should inherit its parent's markers. Parent matches an existing Abbreviation.
b_empty_required_phenotypic	draft	SOULCAP:SC000098	99	CD8+ Tem	CD8+ T cell	Required phenotypic markers		Required phenotypic markers is empty; the row can only be defined through its parent gate			Please add the defining markers for this cell type, or confirm it should inherit its parent's markers. Parent matches an existing Abbreviation.
b_empty_required_phenotypic	draft	SOULCAP:SC000099	100	CD8+ TCRab Tem	CD8+ TCRab T cell	Required phenotypic markers		Required phenotypic markers is empty; the row can only be defined through its parent gate			Please add the defining markers for this cell type, or confirm it should inherit its parent's markers. Parent matches an existing Abbreviation.
b_empty_required_phenotypic	draft	SOULCAP:SC000100	101	CD8+ TCRgd Tem	CD8+ TCRgd T cell	Required phenotypic markers		Required phenotypic markers is empty; the row can only be defined through its parent gate			Please add the defining markers for this cell type, or confirm it should inherit its parent's markers. Parent matches an existing Abbreviation.
b_empty_required_phenotypic	draft	SOULCAP:SC000101	102	Temra	T cell	Required phenotypic markers		Required phenotypic markers is empty; the row can only be defined through its parent gate			Please add the defining markers for this cell type, or confirm it should inherit its parent's markers. Parent matches an existing Abbreviation.
b_empty_required_phenotypic	draft	SOULCAP:SC000102	103	CD4+ Temra	CD4+ T cell	Required phenotypic markers		Required phenotypic markers is empty; the row can only be defined through its parent gate			Please add the defining markers for this cell type, or confirm it should inherit its parent's markers. Parent matches an existing Abbreviation.
b_empty_required_phenotypic	draft	SOULCAP:SC000103	104	CD4+ TCRab Temra	CD4 TCRab T cell	Required phenotypic markers		Required phenotypic markers is empty; the row can only be defined through its parent gate			Please add the defining markers for this cell type, or confirm it should inherit its parent's markers. Parent 'CD4 TCRab T cell' does not exactly match any Abbreviation in the sheet.
b_empty_required_phenotypic	draft	SOULCAP:SC000104	105	CD4+ TCRgd Temra	CD4+ TCRgd T cell	Required phenotypic markers		Required phenotypic markers is empty; the row can only be defined through its parent gate			Please add the defining markers for this cell type, or confirm it should inherit its parent's markers. Parent matches an existing Abbreviation.
b_empty_required_phenotypic	draft	SOULCAP:SC000105	106	CD8+ Temra	CD8+ T cell	Required phenotypic markers		Required phenotypic markers is empty; the row can only be defined through its parent gate			Please add the defining markers for this cell type, or confirm it should inherit its parent's markers. Parent matches an existing Abbreviation.
b_empty_required_phenotypic	draft	SOULCAP:SC000106	107	CD8+ TCRab Temra	CD8+ TCRab T cell	Required phenotypic markers		Required phenotypic markers is empty; the row can only be defined through its parent gate			Please add the defining markers for this cell type, or confirm it should inherit its parent's markers. Parent matches an existing Abbreviation.
b_empty_required_phenotypic	draft	SOULCAP:SC000108	109	T cytotoxic	TCRab	Required phenotypic markers		Required phenotypic markers is empty; the row can only be defined through its parent gate			Please add the defining markers for this cell type, or confirm it should inherit its parent's markers. Parent matches an existing Abbreviation.
b_empty_required_phenotypic	draft	SOULCAP:SC000120	121	Tfh		Required phenotypic markers		Required phenotypic markers is empty; the row can only be defined through its parent gate			Please add the defining markers for this cell type, or confirm it should inherit its parent's markers. No Parent recorded.
