marker_token	representation	protein_resolution	rationale	source_ref	registry_sha256	failure_category	specific_rationale	evidence_level	next_action
CCR4	single_protein	allow	Retains the registry's single PRO representation; computational identity only, not biological sign-off.	marker_mappings/marker_protein_gene.csv#CCR4	92a259ce694c97036005ca94363ab60cdf2c07dd4465f136ad8373345571fbeb				
CCR6	single_protein	allow	Retains the registry's single PRO representation; computational identity only, not biological sign-off.	marker_mappings/marker_protein_gene.csv#CCR6	dd41080790bdb3b9cc1b258f3b4f17024162a4bd7af398d26e6065806c6f016b				
CD10	single_protein	allow	Retains the registry's single PRO representation; computational identity only, not biological sign-off.	marker_mappings/marker_protein_gene.csv#CD10	189b99e3ca24d72b63581e906db05fdce2427b67169f38465e976cd8a40ec9c4				
CD117	single_protein	allow	Retains the registry's single PRO representation; computational identity only, not biological sign-off.	marker_mappings/marker_protein_gene.csv#CD117	4bf76b64c7da8abcf0397922b199fab9771a83005c85c0af5815d29b15b9d735				
CD11C	single_protein	allow	Retains the registry's single PRO representation; computational identity only, not biological sign-off.	marker_mappings/marker_protein_gene.csv#CD11c	927410701d8301054de6eabf3e66edda2805061fd34d5c566cfea49bbfbb0931				
CD123	single_protein	allow	Retains the registry's single PRO representation; computational identity only, not biological sign-off.	marker_mappings/marker_protein_gene.csv#CD123	af15c6e28315d5d5b091949f3d604db639bfd89e01721e916fb8d530091daa2b				
CD127	single_protein	allow	Retains the registry's single PRO representation; computational identity only, not biological sign-off.	marker_mappings/marker_protein_gene.csv#CD127	0fe9974e9d75510578b02748379254855e3feeab2e16248cdedeb1c3ee504d65				
CD138	single_protein	allow	Retains the registry's single PRO representation; computational identity only, not biological sign-off.	marker_mappings/marker_protein_gene.csv#CD138	9cc54f5fcd78013f8e7c99eb32410d8e55ae85c7b25dac314f095f19c736048c				
CD14	single_protein	allow	Retains the registry's single PRO representation; computational identity only, not biological sign-off.	marker_mappings/marker_protein_gene.csv#CD14	d58b59b3d3d8e8446ef2be8f99beebb8ddbda1f788130737b4a20f57382408d9				
CD141	single_protein	allow	Retains the registry's single PRO representation; computational identity only, not biological sign-off.	marker_mappings/marker_protein_gene.csv#CD141	427b96ef42d73b5bb5411b83fb6a5a9c9d62bd861360fc509f5f9b910657fcba				
CD15	unresolved	withhold	Conservative hold: registry protein label or reagent context does not explicitly establish whole-marker identity; review required.	marker_mappings/marker_protein_gene.csv#CD15	f325259074857563bb021becc9b5ec90937ba529aed5be7c5c58e854c34c823d	carbohydrate_epitope	CD15 antibodies detect the Lewis X (SSEA-1) carbohydrate, not a protein. The registry PRO ID (PR:000001456) is FUT4, the fucosyltransferase that makes it; PRO lists CD15 as an exact synonym of FUT4 and CL uses FUT4 in 8 asserted CD15 axioms. Possible CHEBI representation: CHEBI:62287 (Gal-(1->4)-[Fuc-(1->3)]-GlcNAc), structural match to be confirmed.	ontology_checked	leave withheld; propose CL/PRO issue on CD15 = FUT4
CD16	unresolved	withhold	Conservative hold: registry protein label or reagent context does not explicitly establish whole-marker identity; review required.	marker_mappings/marker_protein_gene.csv#CD16	a7a9cad253db0e9a36b0bf2b5efa04ded5e314c01b3166d19623519f6a3f43e7	multi_gene_product	Human CD16 is two genes: FCGR3A (CD16a, PR:000001484) and FCGR3B (CD16b, PR:000001485). The registry and CL use PR:000001483, which PRO defines as the product of the mouse Fcgr3 gene or a 1:1 ortholog, so it does not clearly cover either human gene. OMIP-069 uses clone 3G8; its CD16a/CD16b specificity is not yet verified here.	ontology_checked	ask David (CD16a vs CD16a+CD16b); propose CL issue on PR:000001483 for human cell types
CD161	single_protein	allow	Retains the registry's single PRO representation; computational identity only, not biological sign-off.	marker_mappings/marker_protein_gene.csv#CD161	a00a3bff850030588e3dec0bf6bb6a357094e15ad9340e49e3b9b82b74bc17b2				
CD172A	single_protein	allow	Retains the registry's single PRO representation; computational identity only, not biological sign-off.	marker_mappings/marker_protein_gene.csv#CD172a	8aa1edf51a28be1cbf8a85aac530a28a6eeaeb63f743635e3ad470650a7a3faa				
CD183	single_protein	allow	Retains the registry's single PRO representation; computational identity only, not biological sign-off.	marker_mappings/marker_protein_gene.csv#CD183	2c4d474ae9950ae9e6bbaa9c000f9b7859f940dea922176c90a82ce5caf63c83				
CD185	single_protein	allow	Retains the registry's single PRO representation; computational identity only, not biological sign-off.	marker_mappings/marker_protein_gene.csv#CD185	90cc4084aacbba0d63a1794fa93e45dfff222d1cdb7d8765bb91fd1612410251				
CD19	single_protein	allow	Retains the registry's single PRO representation; computational identity only, not biological sign-off.	marker_mappings/marker_protein_gene.csv#CD19	cfefbefa4fc565abb7aab6080b73ef73c7fc20a30204a80b233dc73c8bef9db1				
CD193	single_protein	allow	Retains the registry's single PRO representation; computational identity only, not biological sign-off.	marker_mappings/marker_protein_gene.csv#CD193	428812131627dc71e9536828d95814c7b70f075cf00d367fba9ae851189ef70c				
CD194	single_protein	allow	Retains the registry's single PRO representation; computational identity only, not biological sign-off.	marker_mappings/marker_protein_gene.csv#CD194	d770a2f6824de9ca6b8be94f908377c2309cfb12e5be7a395df525e31ca2148c				
CD196	single_protein	allow	Retains the registry's single PRO representation; computational identity only, not biological sign-off.	marker_mappings/marker_protein_gene.csv#CD196	ba5d384cfa94446a14a33cc4a126bc2fb759bac654a6c6a261f8e4bf8add84c9				
CD198	single_protein	allow	Retains the registry's single PRO representation; computational identity only, not biological sign-off.	marker_mappings/marker_protein_gene.csv#CD198	fd160c33da0e4004c60a00f67731f336619293a663aec372b1ff5c01eb82219a				
CD1C	single_protein	allow	Retains the registry's single PRO representation; computational identity only, not biological sign-off.	marker_mappings/marker_protein_gene.csv#CD1c	ec9943c17324c73a53427964a51c264e9b86e1a6755eb850c1bc943a8126f554				
CD1D-A-GALCER	reagent_gate	withhold	Registry notes describe a reagent, lipid antigen, or carbohydrate epitope rather than a single protein.	marker_mappings/marker_protein_gene.csv#CD1d-a-GalCer	ca0282e7ce4edd98e9c762657870f3556de86befddf8c33100fbbfcb7a800f01	lipid_antigen_reagent	First half of CD1d-a-GalCer Tetramer+ (rows 60, 76-80, 108, 110-115): CD1d loaded with the lipid alpha-galactosylceramide, a reagent that stains iNKT TCRs. Not a protein marker on the cell.	source_traced	leave withheld; report spacing to SOULCAP
CD20	single_protein	allow	Retains the registry's single PRO representation; computational identity only, not biological sign-off.	marker_mappings/marker_protein_gene.csv#CD20	0666c2a713f30454576d62dedecb049fdca0acecbd50bc08804116bd160f7c25				
CD21	single_protein	allow	Retains the registry's single PRO representation; computational identity only, not biological sign-off.	marker_mappings/marker_protein_gene.csv#CD21	e60e1a4490685b99e9674d65469bacd24a97d6dd0950210f7a3c7453d86579b1				
CD24	single_protein	allow	Retains the registry's single PRO representation; computational identity only, not biological sign-off.	marker_mappings/marker_protein_gene.csv#CD24	e1cdc47dfa67d7f67019de006ba704a9d2bf0b13d04f0bbed037e8fede953bec				
CD25	single_protein	allow	Retains the registry's single PRO representation; computational identity only, not biological sign-off.	marker_mappings/marker_protein_gene.csv#CD25	5951ea552f766b80cf59b979f41ba02de31750f5c0f6fbb1b21e55b67f3b82ab				
CD27	single_protein	allow	Retains the registry's single PRO representation; computational identity only, not biological sign-off.	marker_mappings/marker_protein_gene.csv#CD27	e2bab281c9ec4622d3a2658385860ce789df4f4577a7bebb3f73976a9fcd82ab				
CD294	single_protein	allow	Retains the registry's single PRO representation; computational identity only, not biological sign-off.	marker_mappings/marker_protein_gene.csv#CD294	4bdfb21b9889754554aaaeb73cfaed4816ac01c39857fb81b064b61f3bee8cc7				
CD3	unresolved	withhold	Conservative hold: registry protein label or reagent context does not explicitly establish whole-marker identity; review required.	marker_mappings/marker_protein_gene.csv#CD3	4826e9aa340c65ec06caf2fc26791ec3be9f372584b3f28d2f4e7dc47857dfe0	protein_complex	CD3 is a multi-chain complex (CD3 gamma, delta, epsilon, zeta). PRO has no general CD3 complex term: its only CD3 complex is the phosphorylated CD3 epsilon:gamma dimer (PR:000025781). Options are CD3 epsilon (PR:000001020, which CL uses in all 23 asserted CD3-negative axioms) or the family term PR:000001018 (CD3 delta/epsilon/gamma). CL encodes T-cell identity with GO TCR complexes (GO:0042101/GO:0042105/GO:0042106). OMIP-069 uses clone SK7. Blocks 71 cell types.	ontology_checked	ask David; decision needed: see docs/marker_resolution.md#decisions-for-david
CD303	single_protein	allow	Retains the registry's single PRO representation; computational identity only, not biological sign-off.	marker_mappings/marker_protein_gene.csv#CD303	d098d8dc137622844570ce28ad2dd380e9c669d67864e5248c937e431e2bb6c3				
CD33	single_protein	allow	Retains the registry's single PRO representation; computational identity only, not biological sign-off.	marker_mappings/marker_protein_gene.csv#CD33	1de2ca7ac6bfd4daca770841d698b5635586630584ac1a6d8fd8f16537ea3e90				
CD34	single_protein	allow	Retains the registry's single PRO representation; computational identity only, not biological sign-off.	marker_mappings/marker_protein_gene.csv#CD34	ee16d3e65d632814251ced067773c95046ec569930b3dc4d22c9da1d9409c640				
CD38	single_protein	allow	Retains the registry's single PRO representation; computational identity only, not biological sign-off.	marker_mappings/marker_protein_gene.csv#CD38	a9443ead57bee08f430cd3737fc54621c649a971ee7e05530042406994fbbfb3				
CD4	single_protein	allow	Retains the registry's single PRO representation; computational identity only, not biological sign-off.	marker_mappings/marker_protein_gene.csv#CD4	0f768b0ba2691f0fdc2c64d396b8f89f5211d05b6773ee5dcfa2bb41bbff319c				
CD45	single_protein	allow	Retains the registry's single PRO representation; computational identity only, not biological sign-off.	marker_mappings/marker_protein_gene.csv#CD45	c2144181df41b433bc4c8b7710bfda4122607d87ade0ed2d33ff4865a4b3c49d				
CD56	single_protein	allow	Retains the registry's single PRO representation; computational identity only, not biological sign-off.	marker_mappings/marker_protein_gene.csv#CD56	b51d188a6fdfada2e42569c7553233a5f7625ae2976ba24724e84a95db6ceff1				
CD57	reagent_gate	withhold	Registry notes describe a reagent, lipid antigen, or carbohydrate epitope rather than a single protein.	marker_mappings/marker_protein_gene.csv#CD57	2cfc4413ee4844d8bb2c3bfddeb2ed6704073cfdefe57381f38270aaee40d080	carbohydrate_epitope	CD57 antibodies (clone HNK-1 in OMIP-069) detect the HNK-1 sulfoglucuronyl carbohydrate, not a protein. B3GAT1 (PR:000001440) is the enzyme that makes it. Possible CHEBI representation: CHEBI:137065 (GlcA3S-(1->3)-Gal-(1->4)-GlcNAc), structural match to be confirmed.	ontology_checked	leave withheld
CD64	single_protein	allow	Retains the registry's single PRO representation; computational identity only, not biological sign-off.	marker_mappings/marker_protein_gene.csv#CD64	46571d20d73b5ef77ec5c7be28beda3c94890e33c17faf4904e285b294e2db47				
CD66B	single_protein	allow	Retains the registry's single PRO representation; computational identity only, not biological sign-off.	marker_mappings/marker_protein_gene.csv#CD66b	42305fda07fd524b609244d79f171598c6b1b1b879466170789a47c30bc9033a				
CD8	unresolved	withhold	Conservative hold: registry protein label or reagent context does not explicitly establish whole-marker identity; review required.	marker_mappings/marker_protein_gene.csv#CD8	846bd4bc8c8ea34fbf0c5c56e81c254a02fcb1bb913d7ed7d4dd64b1d895773a	protein_complex	CD8 is expressed as a CD8 alpha-alpha homodimer or a CD8 alpha-beta heterodimer. PR:000025402 is specifically CD8 alpha-beta (exact synonym CD8alphabeta; components CD8 alpha + CD8 beta), so it excludes CD8aa+ gamma-delta T and NK cells. CD8 alpha (PR:000001084) covers both; CD8 beta is PR:000001085. CL uses PR:000001084, PR:000025402 and PR:000025403. OMIP-069 uses clone SK1.	ontology_checked	ask David; decision needed: see docs/marker_resolution.md#decisions-for-david
CXCR3	single_protein	allow	Retains the registry's single PRO representation; computational identity only, not biological sign-off.	marker_mappings/marker_protein_gene.csv#CXCR3	6620e8f0b53cd1ecfa795de32156537b7835bfbfb2e7a46195c7b9a4a6d21507				
CXCR5	single_protein	allow	Retains the registry's single PRO representation; computational identity only, not biological sign-off.	marker_mappings/marker_protein_gene.csv#CXCR5	edfd11e18c37d49e6723778e16efd44bf98358fa84f3882908d38fd87bcb79c1				
FCER1A	single_protein	allow	Retains the registry's single PRO representation; computational identity only, not biological sign-off.	marker_mappings/marker_protein_gene.csv#FceR1a	0ffb585d4dc904f1d78456c5f8ae18e3d3c7e53e0a0addf4306a7654eec5884a				
HLA-DR	complex	withhold	Registry notes describe an assembled or multi-gene marker; component PRO identity cannot establish whole-marker equivalence.	marker_mappings/marker_protein_gene.csv#HLA-DR	c7b6d01f0a4eaffefce1df3c4a53407d958d2f032e03a9ce22f0354adbdded3c	protein_complex	HLA-DR is a heterodimer of the DR alpha chain (DRA) and one of several DR beta chains (DRB1/3/4/5). The registry uses DRA (PR:000002015), as do 6 asserted CL axioms; CL also uses the generic GO:0042613 (MHC class II protein complex) in 23 axioms, which is not DR-specific. OMIP-069 uses clone L243.	ontology_checked	ask David (DRA vs GO:0042613)
IFNG	single_protein	allow	Retains the registry's single PRO representation; computational identity only, not biological sign-off.	marker_mappings/marker_protein_gene.csv#IFNg	984c2f8cfe641da02a4d92ac78be3e3595127852ff7b8d67acacc0ae3361b8ba				
IL-13	single_protein	allow	Retains the registry's single PRO representation; computational identity only, not biological sign-off.	marker_mappings/marker_protein_gene.csv#IL-13	0fea4e3f83d693c4bb37136de36e615363c0203996bd448c7b9c442f33cda6be				
IL-17A	single_protein	allow	Retains the registry's single PRO representation; computational identity only, not biological sign-off.	marker_mappings/marker_protein_gene.csv#IL-17a	92fcb16f42e797476ce20b25717efcfa123fc60b9e8e0f979c01aefecba1fe2e				
IL-4	single_protein	allow	Retains the registry's single PRO representation; computational identity only, not biological sign-off.	marker_mappings/marker_protein_gene.csv#IL-4	b73d688d701631fa8fe4c1db97221effb5ee895dad8fec7fdf4b77373958ee3c				
IL-5	single_protein	allow	Retains the registry's single PRO representation; computational identity only, not biological sign-off.	marker_mappings/marker_protein_gene.csv#IL-5	9359347c3979d2efe87eed401c1bab949de52f4c187ebecafa6336c6327a25cd				
IL-9	single_protein	allow	Retains the registry's single PRO representation; computational identity only, not biological sign-off.	marker_mappings/marker_protein_gene.csv#IL-9	9894867ba02520d0af6c0bf4858b55237d8a74be1be3dadaf0721b3a768ab686				
IGA	protein_family	withhold	Registry notes document a non-single-protein or pan-marker representation.	marker_mappings/marker_protein_gene.csv#IgA	61ac45fc138bab46fc31d71e42363d20de18a9585ff4717fb02702cbb03c6685	protein_family	Surface IgA is a two-gene family (IGHA1/IGHA2) assembled with light chains. CL models surface immunoglobulin with GO immunoglobulin complex terms; PRO has human IgA1/IgA2 B cell receptor complexes (PR:000050161, PR:000050162) and GO has GO:0071747 (IgA B cell receptor complex).	ontology_checked	use a GO immunoglobulin complex term as CL does (confirm with David)
IGD	protein_family	withhold	Registry notes document a non-single-protein or pan-marker representation.	marker_mappings/marker_protein_gene.csv#IgD	e4a5f79157c47b9a0e3fccb6d6eb144d50c93d7fb5f71224bd825f3e09adfb52	protein_family	Surface IgD is the IgD immunoglobulin complex. CL uses GO:0071738 (IgD immunoglobulin complex) in 14 axioms (has/lacks plasma membrane part), e.g. on naive B cell. PRO also has PR:000050172 (IgD B cell receptor complex, human).	ontology_checked	use GO:0071738 as CL does (confirm with David)
IGE	protein_family	withhold	Registry notes document a non-single-protein or pan-marker representation.	marker_mappings/marker_protein_gene.csv#IgE	67b95e398fb1095e4c4a380091f0dae23dec9025456defdd9d0f5f254740da2e	protein_family	Surface IgE is an immunoglobulin complex. GO has GO:0071744 (IgE B cell receptor complex); CL uses GO:0071743 (IgE immunoglobulin complex, circulating) for secreted IgE. No human PRO IgE BCR complex found.	ontology_checked	use a GO immunoglobulin complex term (confirm with David)
IGG	protein_family	withhold	Registry notes document a non-single-protein or pan-marker representation.	marker_mappings/marker_protein_gene.csv#IgG	c51e1dd6ae671fd9db387be6d0a26fdce6645e0f6a00d14891c0922708a941e7	protein_family	Surface IgG spans four subclass genes (IGHG1-4). CL uses GO:0071735 (IgG immunoglobulin complex); PRO has human IgG1-4 B cell receptor complexes (PR:000050313 to PR:000050316) and GO has GO:0071737 (IgG B cell receptor complex).	ontology_checked	use GO:0071735 as CL does (confirm with David)
IGM	protein_family	withhold	Registry notes document a non-single-protein or pan-marker representation.	marker_mappings/marker_protein_gene.csv#IgM	fc17667826dd44b6b08bd4cb257f3d4fa23fdbf477c3da79386cb427b0d2f88d	protein_family	Surface IgM is the IgM immunoglobulin complex. CL uses GO:0071753 (IgM immunoglobulin complex) in 11 axioms, e.g. on naive B cell; GO also has GO:0071755 (IgM B cell receptor complex).	ontology_checked	use GO:0071753 as CL does (confirm with David)
MR1	unresolved	withhold	Conservative hold: registry protein label or reagent context does not explicitly establish whole-marker identity; review required.	marker_mappings/marker_protein_gene.csv#MR1	96c5bf22b0be1d144cf60f175968b19c1485c64c4866d4a109f636a9c9af703d	multimer_reagent	Every sheet use is MR1 Tetramer+ (rows 75-80, 108, 110-115): a tetramer of MR1 loaded with antigen that stains MAIT TCRs. It detects TCR specificity, not MR1 on the cell, so mapping it to MR1 protein (PR:Q95460) would be wrong. The token is split from MR1 Tetramer by the space.	source_traced	leave withheld; report spacing to SOULCAP
TCR	protein_family	withhold	Registry notes document a non-single-protein or pan-marker representation.	marker_mappings/marker_protein_gene.csv#TCR	9a617aa9a766194134020d7afa5feca696fc92cb187377eb72b2bb326d40cae7	source_syntax_artifact	No sheet row uses TCR alone as a marker. The token comes from spaced names split by the tokenizer: TCR Vb11+, TCR VB11+, TCR V delta 1+ and TCR V gamma 9 (sheet rows 60, 76-80, 123-128). If a genuine pan-TCR marker were needed, CL uses GO:0042101 (T cell receptor complex).	source_traced	report to SOULCAP (see reports/soulcap_feedback.tsv)
TCRVA24	single_protein	allow	Retains the registry's single PRO representation; computational identity only, not biological sign-off.	marker_mappings/marker_protein_gene.csv#TCRVa24	f81c80eeaa4d2de919813822e062fe2e4210b8a025bd76ebbad546bdd0936315				
TCRVA24-JA18	complex	withhold	Registry notes describe an assembled or multi-gene marker; component PRO identity cannot establish whole-marker equivalence.	marker_mappings/marker_protein_gene.csv#TCRVa24-Ja18	aad1afeeb19ea59d1c85741576656d0bf629f1500ac86d389d008e5adc327020	multi_gene_product	The invariant iNKT TCR alpha chain is a rearrangement of two gene segments, TRAV10 (V alpha 24) and TRAJ18. The registry maps only the V segment (PR:A0A0B4J240, TRAV10), which would also match non-invariant V alpha 24 TCRs.	registry_note_only	leave withheld
TCRVA7.2	single_protein	allow	Retains the registry's single PRO representation; computational identity only, not biological sign-off.	marker_mappings/marker_protein_gene.csv#TCRVa7.2	1917c912d25db47ddf31fdee753f0093f18dfb1fcf080f5a2dcc9a53cdd490a5				
TCRVB11	single_protein	allow	Retains the registry's single PRO representation; computational identity only, not biological sign-off.	marker_mappings/marker_protein_gene.csv#TCRVb11	3b0361d975e31467580067f5d17823f53d425f9d2b5ef44745fee1aba08ca941				
TCRVD2	single_protein	allow	Retains the registry's single PRO representation; computational identity only, not biological sign-off.	marker_mappings/marker_protein_gene.csv#TCRVd2	5fb0b153ecc148621ec7c97ffea4618dcaf12f3f62d1642acfb303c5179ef2ec				
TCRVG9	single_protein	allow	Retains the registry's single PRO representation; computational identity only, not biological sign-off.	marker_mappings/marker_protein_gene.csv#TCRVg9	9318391135642e811b2781de7a9be4cc58f52c5f21dbfe8a0d316f3619f245f1				
TCRAB	complex	withhold	Registry notes describe an assembled or multi-gene marker; component PRO identity cannot establish whole-marker equivalence.	marker_mappings/marker_protein_gene.csv#TCRab	db65f2afbe24e19148fe8039a5a7df5983c5e9d0963d9cff9dec278958e33382	protein_complex	Pan alpha-beta TCR antibodies recognise the assembled alpha-beta heterodimer. CL encodes this with GO:0042105 (alpha-beta T cell receptor complex), e.g. on CL:0000789 alpha-beta T cell. No PRO complex term found.	ontology_checked	use GO:0042105 as CL does (confirm with David)
TCRGD	complex	withhold	Registry notes describe an assembled or multi-gene marker; component PRO identity cannot establish whole-marker equivalence.	marker_mappings/marker_protein_gene.csv#TCRgd	49ec8f76a1338a63effb3e88e3c748f97f2753861e47ad476c1f4a96384b40ec	protein_complex	Pan gamma-delta TCR antibodies (clone B1.1 in OMIP-069) recognise the assembled gamma-delta heterodimer. CL encodes this with GO:0042106 (gamma-delta T cell receptor complex) on CL:0000798. No PRO complex term found.	ontology_checked	use GO:0042106 as CL does (confirm with David)
TETRAMER	reagent_gate	withhold	Registry notes describe a reagent, lipid antigen, or carbohydrate epitope rather than a single protein.	marker_mappings/marker_protein_gene.csv#Tetramer	2f3894386ee2918f58d53b858eebc8e09729f16699a8f9d6faab2d5900495227	source_syntax_artifact	Second half of the spaced names MR1 Tetramer+ and CD1d-a-GalCer Tetramer+ (rows 60, 75-80, 108, 110-115). Not a marker.	source_traced	report to SOULCAP (see reports/soulcap_feedback.tsv)
V	unresolved	withhold	No PRO identity recorded; possible source artifact or unresolved marker requires clarification.	marker_mappings/marker_protein_gene.csv#V	610b267c4ba493d65f1528fb008a91bcab513fe39cd039617f4ba0313b50fa61	source_syntax_artifact	From TCR V delta1- (Ideal phenotypic, rows 123-124), which parses without error but splits into TCR / V / delta1, and from TCR V delta 2+ style names (rows 124-128). Intended markers are TCR Vd1, Vd2 and Vg9 (written TCRVd2+, TCRVg9+ in row 123).	source_traced	report to SOULCAP (see reports/soulcap_feedback.tsv)
VB11	single_protein	allow	Retains the registry's single PRO representation; computational identity only, not biological sign-off.	marker_mappings/marker_protein_gene.csv#VB11	6642023972a293e8a24efa26bb504964bc55c6f68d25a2186fd5609b89465e9f				
VD1	single_protein	allow	Retains the registry's single PRO representation; computational identity only, not biological sign-off.	marker_mappings/marker_protein_gene.csv#Vd1	adcc38bd179456a5c30cbddcb322a4cec7c64ca04f5c0f5ca79aef2703ee25fc				
DELTA	unresolved	withhold	No PRO identity recorded; possible source artifact or unresolved marker requires clarification.	marker_mappings/marker_protein_gene.csv#delta	83aed236bb5fcdc28afafd651c50af0e2bc053b7d9f64f979e47e39e66751b5e	source_syntax_artifact	From TCR V delta 1+ / TCR V delta 2- (rows 124-128), split at the spaces. Intended markers are TCR Vd1 and Vd2.	source_traced	report to SOULCAP (see reports/soulcap_feedback.tsv)
DELTA1	unresolved	withhold	No PRO identity recorded; possible source artifact or unresolved marker requires clarification.	marker_mappings/marker_protein_gene.csv#delta1	5b366a2c0a5c2f3a19355bb66e4ad0f88c172aa901c577aa9b16acff92294995	source_syntax_artifact	From TCR V delta1- (Ideal phenotypic, rows 123-124). Intended marker is TCR Vd1.	source_traced	report to SOULCAP (see reports/soulcap_feedback.tsv)
GAMMA	unresolved	withhold	No PRO identity recorded; possible source artifact or unresolved marker requires clarification.	marker_mappings/marker_protein_gene.csv#gamma	dc9b95fd067723b54cfdb2e4fcf8948e571b2dfc83b0fa6dc407a4bcf6f402be	source_syntax_artifact	From TCR V gamma 9+ / TCR V gamma 9- (rows 124-128), split at the spaces. Intended marker is TCR Vg9.	source_traced	report to SOULCAP (see reports/soulcap_feedback.tsv)
